"Id","layer"
"CDC73","GRN"
"CTR9","GRN"
"LEO1","GRN"
"PAF1","GRN"
"POB3","GRN"
"RTF1","GRN"
"SPT16","GRN"
"CHD1","GRN"
"CKA1","GRN"
"CKA2","GRN"
"CWC2","GRN"
"SPP382","GRN"
"CWC25","GRN"
"DSN1","GRN"
"NSL1","GRN"
"GWT1","GRN"
"NAF1","GRN"
"PSF2","GRN"
"RPO21","GRN"
"RPB3","GRN"
"TFG1","GRN"
"TFG2","GRN"
"TAF14","GRN"
"SPT5","GRN"
"TIM50","GRN"
"NSE3","GRN"
"ESF1","GRN"
"YPI1","GRN"
"SWC4","GRN"
"TAM41","GRN"
"YPP1","GRN"
"SSF1","GRN"
"IPI1","GRN"
"NOP9","GRN"
"YJR012C","GRN"
"TTI2","GRN"
"CAB3","GRN"
"MIA40","GRN"
"KAE1","GRN"
"TRZ1","GRN"
"RIX7","GRN"
"USB1","GRN"
"RMP1","GRN"
"NSE5","GRN"
"LTO1","GRN"
"EMW1","GRN"
"JIP5","GRN"
"RSR1","GRN"
"CDC42","GRN"
"NUG1","GRN"
"SET2","GRN"
"SMC5","GRN"
"ERB1","GRN"
"NOP7","GRN"
"UTP8","GRN"
"UTP10","GRN"
"UTP4","GRN"
"UTP9","GRN"
"UTP21","GRN"
"UTP13","GRN"
"UTP18","GRN"
"UTP22","GRN"
"CKB2","GRN"
"PXA1","GRN"
"MES1","GRN"
"TIF4631","GRN"
"TPA1","GRN"
"KEL3","GRN"
"DBP3","GRN"
"NSR1","GRN"
"NOP58","GRN"
"VIP1","GRN"
"GAR1","GRN"
"YGR283C","GRN"
"CIC1","GRN"
"DBP7","GRN"
"GCD11","GRN"
"MAK21","GRN"
"RRP5","GRN"
"NOC2","GRN"
"PRT1","GRN"
"ALB1","GRN"
"HCA4","GRN"
"MTR4","GRN"
"RRP6","GRN"
"MDM20","GRN"
"NAT3","GRN"
"NOC3","GRN"
"PUS7","GRN"
"SAP185","GRN"
"SIT4","GRN"
"SSD1","GRN"
"BRR2","GRN"
"LSM5","GRN"
"XRN1","GRN"
"PAT1","GRN"
"LSM3","GRN"
"LSM6","GRN"
"PRP3","GRN"
"TMA64","GRN"
"TIF35","GRN"
"RPB5","GRN"
"NPL3","GRN"
"RRP9","GRN"
"DIS3","GRN"
"RRP45","GRN"
"RRP46","GRN"
"LRP1","GRN"
"RPC40","GRN"
"RPA34","GRN"
"RPC17","GRN"
"RPC25","GRN"
"RPC34","GRN"
"RPO31","GRN"
"RPA190","GRN"
"RPA49","GRN"
"RRB1","GRN"
"CBC2","GRN"
"STO1","GRN"
"CDC40","GRN"
"RRP8","GRN"
"HPR1","GRN"
"MFT1","GRN"
"SUB2","GRN"
"THO2","GRN"
"THP2","GRN"
"NPL6","GRN"
"RSC3","GRN"
"RSC58","GRN"
"RSC8","GRN"
"RSC2","GRN"
"RSC4","GRN"
"RTT102","GRN"
"RSC9","GRN"
"MED7","GRN"
"SRB4","GRN"
"SRB5","GRN"
"PTA1","GRN"
"TFC1","GRN"
"MUD1","GRN"
"PRP40","GRN"
"SNU56","GRN"
"DST1","GRN"
"ARX1","GRN"
"NOP12","GRN"
"PWP1","GRN"
"SDA1","GRN"
"REI1","GRN"
"CEX1","GRN"
"RPN1","GRN"
"RPN10","GRN"
"RPN6","GRN"
"RPN8","GRN"
"UBP6","GRN"
"RPT6","GRN"
"NIP1","GRN"
"RLI1","GRN"
"GCD1","GRN"
"GCD6","GRN"
"KAP95","GRN"
"SRP1","GRN"
"PRP19","GRN"
"MPE1","GRN"
"IMD3","GRN"
"RBG2","GRN"
"GIR2","GRN"
"PRE2","GRN"
"PRE6","GRN"
"PRE8","GRN"
"AAH1","GRN"
"AAR2","GRN"
"ALA1","GRN"
"BCP1","GRN"
"CCR4","GRN"
"CDC39","GRN"
"ECM16","GRN"
"LSG1","GRN"
"NAB2","GRN"
"NAM7","GRN"
"NUP82","GRN"
"PEP1","GRN"
"PUF6","GRN"
"PUS1","GRN"
"PUS4","GRN"
"RCL1","GRN"
"REB1","GRN"
"POP3","GRN"
"RNT1","GRN"
"LHP1","GRN"
"THS1","GRN"
"SUP35","GRN"
"TRM1","GRN"
"TRM3","GRN"
"TRM7","GRN"
"RTT10","GRN"
"TSR2","GRN"
"URA7","GRN"
"OLA1","GRN"
"URB1","GRN"
"HGH1","GRN"
"ABD1","GRN"
"ACC1","GRN"
"ADE13","GRN"
"ADE4","GRN"
"AOS1","GRN"
"APC2","GRN"
"ATG14","GRN"
"APL2","GRN"
"APL3","GRN"
"APL5","GRN"
"APL6","GRN"
"APM3","GRN"
"ARC15","GRN"
"ARC18","GRN"
"ARC35","GRN"
"ARP3","GRN"
"ARP2","GRN"
"ARC40","GRN"
"ARD1","GRN"
"NAT1","GRN"
"ARO1","GRN"
"ASF1","GRN"
"BAT2","GRN"
"BDF2","GRN"
"BEM1","GRN"
"BET3","GRN"
"TRS20","GRN"
"BET4","GRN"
"BMH2","GRN"
"BUD14","GRN"
"BUD20","GRN"
"CAP1","GRN"
"CAP2","GRN"
"CAR1","GRN"
"NAM8","GRN"
"CBF5","GRN"
"FUN12","GRN"
"CCA1","GRN"
"CCL1","GRN"
"POP2","GRN"
"CDC14","GRN"
"CDC24","GRN"
"CDC28","GRN"
"CKS1","GRN"
"CDC3","GRN"
"CDC33","GRN"
"CDC36","GRN"
"CDC45","GRN"
"MCM7","GRN"
"CDC48","GRN"
"NPL4","GRN"
"SHP1","GRN"
"UFD1","GRN"
"CDC55","GRN"
"TPD3","GRN"
"ZDS2","GRN"
"TIF6","GRN"
"NSA2","GRN"
"RPF2","GRN"
"CEF1","GRN"
"CLF1","GRN"
"CEG1","GRN"
"CFT1","GRN"
"CFT2","GRN"
"PAP1","GRN"
"PFS2","GRN"
"RNA14","GRN"
"YSH1","GRN"
"CHC1","GRN"
"PRP45","GRN"
"CLP1","GRN"
"PCF11","GRN"
"CNS1","GRN"
"COP1","GRN"
"RET2","GRN"
"COR1","GRN"
"COX9","GRN"
"CPR1","GRN"
"SIF2","GRN"
"CSL4","GRN"
"SKI6","GRN"
"AMN1","GRN"
"CTF18","GRN"
"CTK1","GRN"
"CUS1","GRN"
"CYR1","GRN"
"SRV2","GRN"
"CYS4","GRN"
"DCP2","GRN"
"DNA2","GRN"
"RFA1","GRN"
"DOA1","GRN"
"DOC1","GRN"
"DPB2","GRN"
"DPB3","GRN"
"ECM1","GRN"
"ECM2","GRN"
"EDE1","GRN"
"ELP2","GRN"
"ENO1","GRN"
"ENP1","GRN"
"KRE33","GRN"
"KRR1","GRN"
"TSR1","GRN"
"NOB1","GRN"
"EPL1","GRN"
"ESA1","GRN"
"NOP2","GRN"
"NOP15","GRN"
"ERG13","GRN"
"ERO1","GRN"
"ERP1","GRN"
"ERP2","GRN"
"EXO84","GRN"
"FAL1","GRN"
"FIP1","GRN"
"FPR1","GRN"
"FRS1","GRN"
"FTH1","GRN"
"GCN3","GRN"
"GCN2","GRN"
"GCN20","GRN"
"GDI1","GRN"
"YPT31","GRN"
"GGA2","GRN"
"GLO3","GRN"
"GPI10","GRN"
"GTR2","GRN"
"HAP2","GRN"
"HAT1","GRN"
"HAT2","GRN"
"HDA1","GRN"
"HHF1","GRN"
"HIS4","GRN"
"HRP1","GRN"
"HRT1","GRN"
"HSH155","GRN"
"RSE1","GRN"
"HSM3","GRN"
"HST1","GRN"
"HTB2","GRN"
"IML3","GRN"
"IPP1","GRN"
"IRR1","GRN"
"IST1","GRN"
"ISW1","GRN"
"MOT1","GRN"
"SIN3","GRN"
"ISW2","GRN"
"KAP104","GRN"
"KGD1","GRN"
"KGD2","GRN"
"KIN3","GRN"
"ARB1","GRN"
"UTP7","GRN"
"PWP2","GRN"
"NMD3","GRN"
"KRS1","GRN"
"LAS17","GRN"
"LCB2","GRN"
"LEU1","GRN"
"LSM1","GRN"
"LSM7","GRN"
"LST8","GRN"
"LTE1","GRN"
"LUC7","GRN"
"SMX3","GRN"
"SNP1","GRN"
"YHC1","GRN"
"LYS2","GRN"
"MAK3","GRN"
"MAK5","GRN"
"MAL32","GRN"
"MAS1","GRN"
"MBP1","GRN"
"MCD1","GRN"
"MCM2","GRN"
"MCM6","GRN"
"MDM10","GRN"
"MED2","GRN"
"SRB6","GRN"
"MLH1","GRN"
"PMS1","GRN"
"SPT15","GRN"
"MRP4","GRN"
"MRPS5","GRN"
"EHD3","GRN"
"MRPL10","GRN"
"MRPL16","GRN"
"MRPL19","GRN"
"MRPL9","GRN"
"MSH2","GRN"
"MSH6","GRN"
"MTR10","GRN"
"MUM2","GRN"
"MYO1","GRN"
"MYO2","GRN"
"MYO4","GRN"
"SHE3","GRN"
"NAP1","GRN"
"NBP35","GRN"
"NCL1","GRN"
"NHP10","GRN"
"NHP2","GRN"
"NHP6B","GRN"
"ATG18","GRN"
"NOP4","GRN"
"NOT3","GRN"
"NSP1","GRN"
"NUP116","GRN"
"NUP60","GRN"
"ORC1","GRN"
"ORC2","GRN"
"SWH1","GRN"
"OST1","GRN"
"PAC10","GRN"
"PAN2","GRN"
"YTH1","GRN"
"PBP2","GRN"
"PCM1","GRN"
"PDB1","GRN"
"PEP3","GRN"
"VPS41","GRN"
"VPS8","GRN"
"PFK2","GRN"
"PGK1","GRN"
"PIM1","GRN"
"PKC1","GRN"
"POL12","GRN"
"POP7","GRN"
"PPH22","GRN"
"PPH3","GRN"
"PSY4","GRN"
"PSY2","GRN"
"PPT1","GRN"
"SCL1","GRN"
"PRO1","GRN"
"PRO2","GRN"
"PRP28","GRN"
"PRP31","GRN"
"PRP4","GRN"
"SPP381","GRN"
"PRP43","GRN"
"PRP46","GRN"
"PRP8","GRN"
"RPG1","GRN"
"TIF5","GRN"
"PSE1","GRN"
"REF2","GRN"
"SYC1","GRN"
"PTC3","GRN"
"PTC4","GRN"
"PUB1","GRN"
"RAD16","GRN"
"RAD23","GRN"
"RAD3","GRN"
"RAD51","GRN"
"RAI1","GRN"
"RAM1","GRN"
"SEC27","GRN"
"RFC2","GRN"
"RFC5","GRN"
"RFX1","GRN"
"RGD1","GRN"
"RIM11","GRN"
"RNA15","GRN"
"RNH1","GRN"
"ROX3","GRN"
"RPA12","GRN"
"RPB7","GRN"
"RPB9","GRN"
"RPD3","GRN"
"RPF1","GRN"
"RPL23A","GRN"
"RPL2A","GRN"
"RPN11","GRN"
"RPN12","GRN"
"RPN5","GRN"
"RPT1","GRN"
"RRI1","GRN"
"RTS1","GRN"
"VPS52","GRN"
"SCP160","GRN"
"SCS2","GRN"
"SDS22","GRN"
"SEC1","GRN"
"SEC13","GRN"
"SEC31","GRN"
"SEC62","GRN"
"SEC66","GRN"
"SEC7","GRN"
"SER3","GRN"
"SGN1","GRN"
"SHM2","GRN"
"MOT2","GRN"
"RXT3","GRN"
"SIR2","GRN"
"SIS1","GRN"
"SLA1","GRN"
"SLC1","GRN"
"SLU7","GRN"
"SLY1","GRN"
"SMC1","GRN"
"SMC3","GRN"
"SMD1","GRN"
"SME1","GRN"
"SMX2","GRN"
"SNF1","GRN"
"SNF4","GRN"
"SNF5","GRN"
"SPE3","GRN"
"SPF1","GRN"
"SPO7","GRN"
"TAF1","GRN"
"SPT6","GRN"
"SPT7","GRN"
"TAF6","GRN"
"TAF5","GRN"
"SRP54","GRN"
"SSA1","GRN"
"SSE1","GRN"
"SSE2","GRN"
"SSL1","GRN"
"TFB1","GRN"
"SSN8","GRN"
"STT3","GRN"
"SUA7","GRN"
"SUP45","GRN"
"TAF13","GRN"
"TAF10","GRN"
"TAP42","GRN"
"TAT1","GRN"
"TEF2","GRN"
"TEF4","GRN"
"THI3","GRN"
"TIF2","GRN"
"TKL2","GRN"
"TOA1","GRN"
"TOP2","GRN"
"TOS1","GRN"
"TPK2","GRN"
"TPS1","GRN"
"TRP2","GRN"
"TAF2","GRN"
"TUB4","GRN"
"UBA3","GRN"
"UBP14","GRN"
"UBP15","GRN"
"VMA2","GRN"
"VMA7","GRN"
"VMA8","GRN"
"VPS27","GRN"
"HSE1","GRN"
"VPS29","GRN"
"VPS4","GRN"
"VPS45","GRN"
"VPS53","GRN"
"VRP1","GRN"
"WBP1","GRN"
"FUN30","GRN"
"SAW1","GRN"
"FUN19","GRN"
"FLC2","GRN"
"BDH2","GRN"
"SWD1","GRN"
"HEK2","GRN"
"PIN4","GRN"
"PRX1","GRN"
"FES1","GRN"
"SWD3","GRN"
"YBP1","GRN"
"YBR225W","GRN"
"YBR238C","GRN"
"YBR287W","GRN"
"RSA4","GRN"
"RIO2","GRN"
"GET3","GRN"
"DTD1","GRN"
"CAB5","GRN"
"CYM1","GRN"
"TMA20","GRN"
"TMA22","GRN"
"AIM17","GRN"
"BNA3","GRN"
"YJU2","GRN"
"YKU70","GRN"
"PUF3","GRN"
"NTE1","GRN"
"YNK1","GRN"
"LAP2","GRN"
"FAR11","GRN"
"TRM112","GRN"
"GET4","GRN"
"CIR2","GRN"
"ZDS1","GRN"
"ZUO1","GRN"
"CDC13","GRN"
"HRR25","GRN"
"PHR1","GRN"
"BBC1","GRN"
"RHO2","GRN"
"AKL1","GRN"
"VPS64","GRN"
"YPT1","GRN"
"VPS21","GRN"
"YPT10","GRN"
"RIX1","GRN"
"GLC7","GRN"
"GLC8","GRN"
"RPC19","GRN"
"HEL2","GRN"
"MMS2","GRN"
"UBC13","GRN"
"WHI2","GRN"
"SAT4","GRN"
"CAF20","GRN"
"CDC5","GRN"
"SAP155","GRN"
"YGL081W","GRN"
"PPQ1","GRN"
"TPK1","GRN"
"TPK3","GRN"
"CMD1","GRN"
"CMP2","GRN"
"YAK1","GRN"
"APP1","GRN"
"ARF1","GRN"
"SPS1","GRN"
"UBA1","GRN"
"RTK1","GRN"
"DMA2","GRN"
"YNL035C","GRN"
"BUB2","GRN"
"RAD54","GRN"
"SAC6","GRN"
"RFA2","GRN"
"CNB1","GRN"
"TEL1","GRN"
"RAD1","GRN"
"GRR1","GRN"
"PBS2","GRN"
"HAP3","GRN"
"GCD7","GRN"
"GCD2","GRN"
"HSH49","GRN"
"RHO5","GRN"
"CAF4","GRN"
"YPL150W","GRN"
"YCK1","GRN"
"RVS167","GRN"
"RVS161","GRN"
"GID7","GRN"
"YGR054W","GRN"
"FKH1","GRN"
"PPZ2","GRN"
"DIG2","GRN"
"KSS1","GRN"
"BUD13","GRN"
"PIB1","GRN"
"CDC10","GRN"
"CDC11","GRN"
"CDC12","GRN"
"SRS2","GRN"
"SKP2","GRN"
"ASC1","GRN"
"GSP1","GRN"
"CHK1","GRN"
"FRA2","GRN"
"BFA1","GRN"
"YPT6","GRN"
"CPR6","GRN"
"CMK1","GRN"
"PXR1","GRN"
"RBG1","GRN"
"GYP6","GRN"
"CDC9","GRN"
"PRP6","GRN"
"ENV7","GRN"
"SLX5","GRN"
"PHO85","GRN"
"CLN1","GRN"
"UBC12","GRN"
"COF1","GRN"
"WTM2","GRN"
"WTM1","GRN"
"PKH2","GRN"
"PTC5","GRN"
"YTA6","GRN"
"SUI2","GRN"
"ATG12","GRN"
"RAD55","GRN"
"YBL036C","GRN"
"KDX1","GRN"
"PRK1","GRN"
"YPK2","GRN"
"RAS2","GRN"
"SAF1","GRN"
"CDC53","GRN"
"TUP1","GRN"
"DDC1","GRN"
"DBF20","GRN"
"RFC4","GRN"
"YPR015C","GRN"
"PSR1","GRN"
"SKP1","GRN"
"CBK1","GRN"
"APM1","GRN"
"PAC11","GRN"
"DMC1","GRN"
"YKU80","GRN"
"HSP12","GRN"
"RHO1","GRN"
"MET30","GRN"
"ELA1","GRN"
"HSV2","GRN"
"MLH3","GRN"
"CDC20","GRN"
"UBC7","GRN"
"MED4","GRN"
"LSM4","GRN"
"UTP15","GRN"
"GIP2","GRN"
"ULA1","GRN"
"COS111","GRN"
"PSH1","GRN"
"TIF34","GRN"
"PDS1","GRN"
"DMA1","GRN"
"ELM1","GRN"
"MSI1","GRN"
"HRT3","GRN"
"DAS1","GRN"
"MOH1","GRN"
"GPA2","GRN"
"SML1","GRN"
"RPN14","GRN"
"RPT3","GRN"
"CAT5","GRN"
"ABP1","GRN"
"SMC6","GRN"
"DIA2","GRN"
"ARE2","GRN"
"NAS2","GRN"
"FHL1","GRN"
"UTP5","GRN"
"APE1","GRN"
"GND1","GRN"
"UFD2","GRN"
"ULS1","GRN"
"BUD32","GRN"
"ETP1","GRN"
"FAR10","GRN"
"SPO12","GRN"
"RSP5","GRN"
"SUI1","GRN"
"YEN1","GRN"
"CLB2","GRN"
"PTP3","GRN"
"MHP1","GRN"
"RFA3","GRN"
"YFL034W","GRN"
"OCA1","GRN"
"OCA2","GRN"
"RNA1","GRN"
"LTP1","GRN"
"EST1","GRN"
"IGO1","GRN"
"RAD6","GRN"
"TDP1","GRN"
"MAK11","GRN"
"INP52","GRN"
"DSS4","GRN"
"CDC4","GRN"
"PBY1","GRN"
"NAN1","GRN"
"RAD10","GRN"
"PPS1","GRN"
"SEN15","GRN"
"RPP0","GRN"
"CTF13","GRN"
"YGK3","GRN"
"USA1","GRN"
"DNL4","GRN"
"MSH3","GRN"
"RAD27","GRN"
"PRE1","GRN"
"BEM3","GRN"
"UBC1","GRN"
"RIM15","GRN"
"NUP85","GRN"
"SEH1","GRN"
"NUP84","GRN"
"SLD2","GRN"
"HYM1","GRN"
"AIM46","GRN"
"TEM1","GRN"
"MOB2","GRN"
"PTC1","GRN"
"ARL3","GRN"
"RAD24","GRN"
"MAG2","GRN"
"SFP1","GRN"
"RCK2","GRN"
"HOG1","GRN"
"KIN2","GRN"
"CAC2","GRN"
"CWC21","GRN"
"SXM1","GRN"
"RAD9","GRN"
"KSP1","GRN"
"TEC1","GRN"
"HTA1","GRN"
"SIW14","GRN"
"FAR1","GRN"
"STE4","GRN"
"ISU1","GRN"
"YGR067C","GRN"
"YFR016C","GRN"
"MAG1","GRN"
"EMG1","GRN"
"CCT2","GRN"
"YCK2","GRN"
"SIP2","GRN"
"YTM1","GRN"
"MEK1","GRN"
"DPB11","GRN"
"SMK1","GRN"
"SLT2","GRN"
"YDR131C","GRN"
"UFO1","GRN"
"RCK1","GRN"
"RAD50","GRN"
"XRS2","GRN"
"HER1","GRN"
"VAN1","GRN"
"SHS1","GRN"
"NUS1","GRN"
"RAD59","GRN"
"CCE1","GRN"
"MKK2","GRN"
"YRB2","GRN"
"PSK2","GRN"
"PSK1","GRN"
"RAD14","GRN"
"TDA1","GRN"
"YLR352W","GRN"
"MET18","GRN"
"TFB3","GRN"
"DUN1","GRN"
"HAL5","GRN"
"PSR2","GRN"
"CDC15","GRN"
"KIN82","GRN"
"MEC1","GRN"
"SDP1","GRN"
"NOP13","GRN"
"BRE1","GRN"
"CIK1","GRN"
"PRP11","GRN"
"SWI5","GRN"
"OSH3","GRN"
"SET1","GRN"
"RVB2","GRN"
"SKS1","GRN"
"SLN1","GRN"
"GPI16","GRN"
"MIH1","GRN"
"OMS1","GRN"
"PCL6","GRN"
"PAC2","GRN"
"RFC3","GRN"
"FAA4","GRN"
"SKI8","GRN"
"SWE1","GRN"
"PAP2","GRN"
"AIR1","GRN"
"MDH2","GRN"
"SOG2","GRN"
"PEX7","GRN"
"KNS1","GRN"
"MSH1","GRN"
"PPH21","GRN"
"INO4","GRN"
"RAD7","GRN"
"SPT2","GRN"
"SKM1","GRN"
"LYS1","GRN"
"FKH2","GRN"
"MCK1","GRN"
"MFB1","GRN"
"LSM8","GRN"
"LSM2","GRN"
"CDC23","GRN"
"RAD53","GRN"
"SSK1","GRN"
"POL30","GRN"
"LIF1","GRN"
"ASR1","GRN"
"OXP1","GRN"
"SAN1","GRN"
"NOP6","GRN"
"CIA1","GRN"
"MSN5","GRN"
"KOG1","GRN"
"MTC5","GRN"
"UBC6","GRN"
"SWM1","GRN"
"BMH1","GRN"
"MIG1","GRN"
"SSL2","GRN"
"RLF2","GRN"
"PTC6","GRN"
"GCN5","GRN"
"SMT3","GRN"
"SOF1","GRN"
"DBF2","GRN"
"PPZ1","GRN"
"BUB3","GRN"
"PCL9","GRN"
"MUS81","GRN"
"IST3","GRN"
"VHS1","GRN"
"MSG5","GRN"
"YDR306C","GRN"
"DUF1","GRN"
"LEM3","GRN"
"FCF1","GRN"
"CLN2","GRN"
"RAD52","GRN"
"RAD26","GRN"
"CMR1","GRN"
"MEC3","GRN"
"AIR2","GRN"
"TPT1","GRN"
"DAP1","GRN"
"SPO13","GRN"
"RAD30","GRN"
"ATG5","GRN"
"CDH1","GRN"
"IRC20","GRN"
"RAD2","GRN"
"UME1","GRN"
"MGT1","GRN"
"UBC4","GRN"
"YMR1","GRN"
"POL4","GRN"
"RAD28","GRN"
"NTA1","GRN"
"CDC7","GRN"
"YPT53","GRN"
"RNR3","GRN"
"PKH1","GRN"
"RED1","GRN"
"PSO2","GRN"
"PML1","GRN"
"TOS3","GRN"
"GBP2","GRN"
"IPI3","GRN"
"MMS22","GRN"
"DHR2","GRN"
"FMP48","GRN"
"RPL23B","GRN"
"AFG3","GRN"
"FAP1","GRN"
"RPL5","GRN"
"APM4","GRN"
"DBP8","GRN"
"CNA1","GRN"
"SIR4","GRN"
"NTG1","GRN"
"ESS1","GRN"
"YJL068C","GRN"
"YJR061W","GRN"
"TEP1","GRN"
"SIR3","GRN"
"CSE2","GRN"
"RHO4","GRN"
"LCD1","GRN"
"CTK3","GRN"
"SPC24","GRN"
"IME2","GRN"
"TOP1","GRN"
"YPT35","GRN"
"SNT2","GRN"
"URA3","GRN"
"LSB3","GRN"
"ATG8","GRN"
"MEH1","GRN"
"DAD1","GRN"
"GRX3","GRN"
"MTQ2","GRN"
"NBP2","GRN"
"SPC19","GRN"
"CIA2","GRN"
"SNZ3","GRN"
"DUO1","GRN"
"FZF1","GRN"
"YKL023W","GRN"
"PSY3","GRN"
"DCP1","GRN"
"URA8","GRN"
"ATG16","GRN"
"YIP4","GRN"
"ATG17","GRN"
"NAS6","GRN"
"PEX30","GRN"
"PRS1","GRN"
"PRS5","GRN"
"YJR141W","GRN"
"HOF1","GRN"
"YKE2","GRN"
"TAF9","GRN"
"DSL1","GRN"
"NMA1","GRN"
"URM1","GRN"
"JNM1","GRN"
"ATG7","GRN"
"RPT5","GRN"
"GSY2","GRN"
"GON7","GRN"
"VPS25","GRN"
"DID4","GRN"
"LAC1","GRN"
"CKB1","GRN"
"CWC22","GRN"
"CWC23","GRN"
"ISY1","GRN"
"LEA1","GRN"
"SMB1","GRN"
"SMD3","GRN"
"SNT309","GRN"
"SNU114","GRN"
"SYF1","GRN"
"SYF2","GRN"
"NTR2","GRN"
"AME1","GRN"
"CHL4","GRN"
"CTF19","GRN"
"CTF3","GRN"
"MCM22","GRN"
"MTW1","GRN"
"NKP1","GRN"
"OKP1","GRN"
"DED81","GRN"
"MRC1","GRN"
"SEC63","GRN"
"AIM25","GRN"
"PSF1","GRN"
"PSF3","GRN"
"SLD5","GRN"
"RPB2","GRN"
"TOM40","GRN"
"MMS21","GRN"
"NSE1","GRN"
"NSE4","GRN"
"BFR2","GRN"
"LCP5","GRN"
"ENP2","GRN"
"ARP4","GRN"
"IKI3","GRN"
"RVB1","GRN"
"TRA1","GRN"
"EAF1","GRN"
"YAF9","GRN"
"SWR1","GRN"
"EAF5","GRN"
"YNG2","GRN"
"HSP60","GRN"
"STT4","GRN"
"BRX1","GRN"
"DBP9","GRN"
"DRS1","GRN"
"EBP2","GRN"
"HAS1","GRN"
"MAK16","GRN"
"NIP7","GRN"
"NOG1","GRN"
"NOP16","GRN"
"NSA1","GRN"
"RPL10","GRN"
"RPL16A","GRN"
"RPL17A","GRN"
"RPL27A","GRN"
"RPL30","GRN"
"RPL32","GRN"
"RPL38","GRN"
"RLP7","GRN"
"RRP1","GRN"
"SNU13","GRN"
"HOL1","GRN"
"MMP1","GRN"
"PLB1","GRN"
"RSM23","GRN"
"SIS2","GRN"
"VHS3","GRN"
"ADH1","GRN"
"KAP123","GRN"
"NUC1","GRN"
"YMR099C","GRN"
"AXL2","GRN"
"IMH1","GRN"
"PEX19","GRN"
"PFK27","GRN"
"RGT2","GRN"
"SST2","GRN"
"TRX1","GRN"
"TRX2","GRN"
"YLR035C-A","GRN"
"RIC1","GRN"
"RAX2","GRN"
"POP1","GRN"
"POP4","GRN"
"POP5","GRN"
"POP6","GRN"
"POP8","GRN"
"RPP1","GRN"
"SNM1","GRN"
"KRE29","GRN"
"YAE1","GRN"
"GRS1","GRN"
"KAR2","GRN"
"TUB3","GRN"
"MDN1","GRN"
"SAP1","GRN"
"FRT2","GRN"
"HAP5","GRN"
"QRI1","GRN"
"RIF2","GRN"
"ARL1","GRN"
"MCM21","GRN"
"PAC1","GRN"
"STB2","GRN"
"UBC9","GRN"
"RRP14","GRN"
"POL5","GRN"
"DIP2","GRN"
"UTP6","GRN"
"RRP7","GRN"
"KES1","GRN"
"RRF1","GRN"
"SPB1","GRN"
"LOC1","GRN"
"MRT4","GRN"
"RLP24","GRN"
"ARC1","GRN"
"GUS1","GRN"
"YMR310C","GRN"
"NOP56","GRN"
"RAT1","GRN"
"SAP190","GRN"
"PRP24","GRN"
"NOP1","GRN"
"DED1","GRN"
"PAB1","GRN"
"RPS4B","GRN"
"IML1","GRN"
"YEF3","GRN"
"RRP4","GRN"
"RRP40","GRN"
"RRP42","GRN"
"SKI7","GRN"
"RRP43","GRN"
"RPC53","GRN"
"RET1","GRN"
"RPC37","GRN"
"RPC82","GRN"
"RPC31","GRN"
"STU1","GRN"
"RPO26","GRN"
"RPB4","GRN"
"RPA135","GRN"
"RPA43","GRN"
"FMP52","GRN"
"RPL3","GRN"
"TEX1","GRN"
"STH1","GRN"
"ARP7","GRN"
"ARP9","GRN"
"RSC6","GRN"
"SFH1","GRN"
"NUT1","GRN"
"SIN4","GRN"
"SRB2","GRN"
"RGR1","GRN"
"ILS1","GRN"
"TFC4","GRN"
"TFC7","GRN"
"PRP39","GRN"
"SNU71","GRN"
"PRP42","GRN"
"RPL20B","GRN"
"RPL4A","GRN"
"RPL8B","GRN"
"RPN2","GRN"
"RPN3","GRN"
"RPN9","GRN"
"RPT2","GRN"
"RPN7","GRN"
"HCR1","GRN"
"SUI3","GRN"
"ACT1","GRN"
"SSU72","GRN"
"IMD2","GRN"
"IMD4","GRN"
"PRE10","GRN"
"PRE3","GRN"
"PRE5","GRN"
"PRE7","GRN"
"PRE9","GRN"
"PUP1","GRN"
"PUP2","GRN"
"VPS13","GRN"
"RKM1","GRN"
"BMS1","GRN"
"SRP68","GRN"
"SRP72","GRN"
"EFT2","GRN"
"CCT5","GRN"
"VAC14","GRN"
"CYS3","GRN"
"UBA2","GRN"
"APC1","GRN"
"CDC16","GRN"
"CDC27","GRN"
"VMA1","GRN"
"VPS30","GRN"
"APL4","GRN"
"APM2","GRN"
"APS1","GRN"
"MIS1","GRN"
"APL1","GRN"
"APS2","GRN"
"APS3","GRN"
"ENO2","GRN"
"ARC19","GRN"
"PFK1","GRN"
"CCT8","GRN"
"GFA1","GRN"
"HSC82","GRN"
"IDH2","GRN"
"YHB1","GRN"
"NOG2","GRN"
"HIR3","GRN"
"MAM33","GRN"
"RNR2","GRN"
"RNR4","GRN"
"BAT1","GRN"
"BDF1","GRN"
"BOI2","GRN"
"BET5","GRN"
"FKS1","GRN"
"TRS85","GRN"
"TRS65","GRN"
"TRS120","GRN"
"TRS130","GRN"
"TRS23","GRN"
"TRS31","GRN"
"TRS33","GRN"
"BET2","GRN"
"NTH1","GRN"
"NTH2","GRN"
"PIK1","GRN"
"RTG2","GRN"
"BEM2","GRN"
"SSZ1","GRN"
"TDA2","GRN"
"AIM21","GRN"
"CDC60","GRN"
"NAB3","GRN"
"NRD1","GRN"
"SMD2","GRN"
"TIF4632","GRN"
"NAB6","GRN"
"RRP12","GRN"
"KIN28","GRN"
"DCS2","GRN"
"CAF130","GRN"
"CAF40","GRN"
"CCT6","GRN"
"GCN1","GRN"
"HSP42","GRN"
"DAL7","GRN"
"POL2","GRN"
"ROM2","GRN"
"SBP1","GRN"
"UTP20","GRN"
"ATP11","GRN"
"NOT5","GRN"
"LYS12","GRN"
"ERG26","GRN"
"BNI1","GRN"
"MRPS28","GRN"
"REG1","GRN"
"VMS1","GRN"
"CIN1","GRN"
"HHF2","GRN"
"MYO5","GRN"
"SEA4","GRN"
"YRA1","GRN"
"DBP10","GRN"
"HIS3","GRN"
"YGL036W","GRN"
"PRP2","GRN"
"PRP22","GRN"
"BUD31","GRN"
"CET1","GRN"
"CLU1","GRN"
"SSA3","GRN"
"SSA4","GRN"
"VPS1","GRN"
"LSM12","GRN"
"AVO1","GRN"
"PTI1","GRN"
"VMR1","GRN"
"CLC1","GRN"
"HOT1","GRN"
"YTA7","GRN"
"CLB3","GRN"
"PCA1","GRN"
"SIC1","GRN"
"SRL3","GRN"
"YPL014W","GRN"
"RET3","GRN"
"SEC21","GRN"
"SEC26","GRN"
"SEC28","GRN"
"QCR2","GRN"
"COX4","GRN"
"COX5A","GRN"
"COX6","GRN"
"SNF2","GRN"
"SNT1","GRN"
"HOS4","GRN"
"MTR3","GRN"
"YIR035C","GRN"
"CTF8","GRN"
"CTK2","GRN"
"PRP21","GRN"
"PRP9","GRN"
"PHO81","GRN"
"SSC1","GRN"
"RPM2","GRN"
"EDC3","GRN"
"DPB4","GRN"
"PHO23","GRN"
"SDS3","GRN"
"SLA2","GRN"
"SYP1","GRN"
"PAL1","GRN"
"ELP3","GRN"
"IKI1","GRN"
"ELP4","GRN"
"IMP3","GRN"
"IMP4","GRN"
"LTV1","GRN"
"MPP10","GRN"
"NOP14","GRN"
"SAM1","GRN"
"SLX9","GRN"
"NOC4","GRN"
"EAF3","GRN"
"RRN3","GRN"
"NCS2","GRN"
"ERV41","GRN"
"ERV46","GRN"
"EMP24","GRN"
"ERV25","GRN"
"PHB1","GRN"
"YAP1","GRN"
"SEC10","GRN"
"SEC3","GRN"
"SEC5","GRN"
"SEC6","GRN"
"SEC8","GRN"
"VPS9","GRN"
"RSA3","GRN"
"RCF1","GRN"
"FRS2","GRN"
"FET5","GRN"
"GEA2","GRN"
"MRP7","GRN"
"PDC1","GRN"
"SNU66","GRN"
"CCT4","GRN"
"GUT1","GRN"
"YPT52","GRN"
"ESP1","GRN"
"YCR015C","GRN"
"YCH1","GRN"
"HIF1","GRN"
"SRO9","GRN"
"HDA3","GRN"
"HDA2","GRN"
"DYN1","GRN"
"ECM5","GRN"
"GLY1","GRN"
"ICL1","GRN"
"MAC1","GRN"
"MSB1","GRN"
"NMD5","GRN"
"PSD2","GRN"
"TSC11","GRN"
"USO1","GRN"
"VTH2","GRN"
"YFR006W","GRN"
"LIP2","GRN"
"DHH1","GRN"
"AEP1","GRN"
"AEP2","GRN"
"SES1","GRN"
"ATP22","GRN"
"KAP114","GRN"
"PPA2","GRN"
"TUS1","GRN"
"ACK1","GRN"
"RGL1","GRN"
"XKS1","GRN"
"COG8","GRN"
"IOC3","GRN"
"ITC1","GRN"
"ESC8","GRN"
"ECM29","GRN"
"LPD1","GRN"
"YMR31","GRN"
"VMA13","GRN"
"MRD1","GRN"
"HSL1","GRN"
"TIF1","GRN"
"FAP7","GRN"
"UTP30","GRN"
"TFB4","GRN"
"END3","GRN"
"CRM1","GRN"
"LCB1","GRN"
"MIR1","GRN"
"SAM2","GRN"
"YHR020W","GRN"
"DIB1","GRN"
"SNU23","GRN"
"KEL1","GRN"
"LYS5","GRN"
"MAK10","GRN"
"MAK31","GRN"
"SKI2","GRN"
"INP2","GRN"
"MAL12","GRN"
"MAS2","GRN"
"SMC4","GRN"
"SWI6","GRN"
"SCC4","GRN"
"GLT1","GRN"
"MCM5","GRN"
"MPM1","GRN"
"GAL11","GRN"
"MED1","GRN"
"MED11","GRN"
"MED6","GRN"
"MED8","GRN"
"NUT2","GRN"
"PGD1","GRN"
"COG3","GRN"
"SRB8","GRN"
"SSN2","GRN"
"SSN3","GRN"
"ADA2","GRN"
"FAB1","GRN"
"FBA1","GRN"
"SRB7","GRN"
"YIL077C","GRN"
"MRP1","GRN"
"MRP13","GRN"
"MRP21","GRN"
"MRP51","GRN"
"MRPS9","GRN"
"NAM9","GRN"
"PET123","GRN"
"RSM10","GRN"
"RSM19","GRN"
"RSM22","GRN"
"RSM25","GRN"
"RSM26","GRN"
"RSM27","GRN"
"RSM7","GRN"
"MRPS8","GRN"
"MRPS17","GRN"
"MRPS18","GRN"
"IMG1","GRN"
"IMG2","GRN"
"MHR1","GRN"
"MRPL17","GRN"
"MRPL23","GRN"
"MRPL24","GRN"
"MRPL27","GRN"
"MRPL28","GRN"
"MRPL3","GRN"
"MRPL35","GRN"
"MRPL36","GRN"
"MRPL39","GRN"
"MRPL4","GRN"
"MRPL44","GRN"
"MRPL6","GRN"
"MRPL7","GRN"
"MRM1","GRN"
"MRPL1","GRN"
"BUD3","GRN"
"MRPL20","GRN"
"MRPL8","GRN"
"SWI3","GRN"
"ATG26","GRN"
"YML6","GRN"
"MRPL51","GRN"
"MRP20","GRN"
"MRP49","GRN"
"MRPL13","GRN"
"MRPL25","GRN"
"YDR115W","GRN"
"MRH4","GRN"
"RTC6","GRN"
"FYV4","GRN"
"MRP10","GRN"
"MRP17","GRN"
"RSM24","GRN"
"UBP10","GRN"
"CCM1","GRN"
"GEP3","GRN"
"MRPS16","GRN"
"MGM101","GRN"
"MPH1","GRN"
"RIM1","GRN"
"SGS1","GRN"
"TOP3","GRN"
"ATG3","GRN"
"SPO14","GRN"
"MLC1","GRN"
"MLC2","GRN"
"SHE4","GRN"
"SHE2","GRN"
"GIN4","GRN"
"HTZ1","GRN"
"KCC4","GRN"
"NIS1","GRN"
"NBA1","GRN"
"TAO3","GRN"
"RPP2B","GRN"
"ARP8","GRN"
"INO80","GRN"
"IES5","GRN"
"IES1","GRN"
"ATG2","GRN"
"FPR4","GRN"
"SPB4","GRN"
"FAS2","GRN"
"AHA1","GRN"
"MRPL15","GRN"
"NIC96","GRN"
"NUP159","GRN"
"ORC3","GRN"
"ORC4","GRN"
"ORC5","GRN"
"ORC6","GRN"
"AFG2","GRN"
"TDH3","GRN"
"OST6","GRN"
"GIM3","GRN"
"GIM5","GRN"
"PAN3","GRN"
"HMO1","GRN"
"MGS1","GRN"
"DOA4","GRN"
"DUR1,2","GRN"
"LAT1","GRN"
"PDA1","GRN"
"PDX1","GRN"
"TCM62","GRN"
"DIG1","GRN"
"AAP1","GRN"
"PEP5","GRN"
"VPS16","GRN"
"VPS33","GRN"
"POL1","GRN"
"PRI1","GRN"
"PRI2","GRN"
"RFC1","GRN"
"PRE4","GRN"
"PUP3","GRN"
"TDH2","GRN"
"HSP82","GRN"
"BLM10","GRN"
"EST3","GRN"
"GLE2","GRN"
"TOS4","GRN"
"MRPL38","GRN"
"SQS1","GRN"
"LIN1","GRN"
"DAM1","GRN"
"MDS3","GRN"
"NUD1","GRN"
"SPA2","GRN"
"ULP1","GRN"
"VPS15","GRN"
"PAA1","GRN"
"YDR186C","GRN"
"NRP1","GRN"
"SWI1","GRN"
"TYW1","GRN"
"BUD21","GRN"
"HTA2","GRN"
"MVD1","GRN"
"RML2","GRN"
"ROK1","GRN"
"UTP11","GRN"
"ESF2","GRN"
"PEP4","GRN"
"VMA4","GRN"
"WRS1","GRN"
"YMR315W","GRN"
"RAD4","GRN"
"SRO7","GRN"
"RAD34","GRN"
"YDJ1","GRN"
"CPA2","GRN"
"ILV1","GRN"
"MKT1","GRN"
"GPM1","GRN"
"RAM2","GRN"
"ADE5,7","GRN"
"GPT2","GRN"
"YMR181C","GRN"
"FYV8","GRN"
"VID24","GRN"
"VAS1","GRN"
"RPB10","GRN"
"RPB8","GRN"
"RPB11","GRN"
"IWR1","GRN"
"SPT4","GRN"
"RPC11","GRN"
"AMS1","GRN"
"DEP1","GRN"
"SAP30","GRN"
"RXT2","GRN"
"RCO1","GRN"
"CTI6","GRN"
"YOL098C","GRN"
"ADE3","GRN"
"DBP2","GRN"
"SHM1","GRN"
"TAE2","GRN"
"RPT4","GRN"
"RPN13","GRN"
"MLH2","GRN"
"MAF1","GRN"
"CDC6","GRN"
"CSN9","GRN"
"PCI8","GRN"
"CSI1","GRN"
"RRI2","GRN"
"SKI3","GRN"
"VPS54","GRN"
"VPS51","GRN"
"NUM1","GRN"
"OPI1","GRN"
"OSH2","GRN"
"PIL1","GRN"
"PGI1","GRN"
"NUP120","GRN"
"NUP145","GRN"
"SEC16","GRN"
"SEC23","GRN"
"ANP1","GRN"
"MNN10","GRN"
"SEC72","GRN"
"CSE1","GRN"
"KTR3","GRN"
"DUG1","GRN"
"PHO12","GRN"
"SER33","GRN"
"YGR250C","GRN"
"HOS2","GRN"
"SET3","GRN"
"ABF2","GRN"
"BGL2","GRN"
"NET1","GRN"
"CDC25","GRN"
"AVT4","GRN"
"SWT21","GRN"
"HRK1","GRN"
"BZZ1","GRN"
"ECM25","GRN"
"BSP1","GRN"
"YSC84","GRN"
"PRP18","GRN"
"SEC17","GRN"
"YKT6","GRN"
"BRR1","GRN"
"YJR084W","GRN"
"MSL1","GRN"
"GAL83","GRN"
"SAK1","GRN"
"SIP1","GRN"
"SNF12","GRN"
"SNF6","GRN"
"SWP82","GRN"
"SPE4","GRN"
"NEM1","GRN"
"PRP38","GRN"
"SPN1","GRN"
"HFI1","GRN"
"NGG1","GRN"
"SPT20","GRN"
"SPT8","GRN"
"UBP8","GRN"
"SGF29","GRN"
"SGF73","GRN"
"MLP1","GRN"
"SEC65","GRN"
"SRP21","GRN"
"TSA1","GRN"
"BUR2","GRN"
"MSH4","GRN"
"SEN1","GRN"
"SGV1","GRN"
"YRA2","GRN"
"IST2","GRN"
"MIP6","GRN"
"VPS5","GRN"
"CRN1","GRN"
"SEN54","GRN"
"YJL016W","GRN"
"MNN4","GRN"
"TAF4","GRN"
"TAF11","GRN"
"TAF3","GRN"
"TAF12","GRN"
"TBF1","GRN"
"TAF7","GRN"
"HEM13","GRN"
"CCT7","GRN"
"CAM1","GRN"
"EFB1","GRN"
"MGA2","GRN"
"NEW1","GRN"
"TFA1","GRN"
"TFC3","GRN"
"TFC6","GRN"
"TFC8","GRN"
"ATG9","GRN"
"KTR5","GRN"
"TKL1","GRN"
"TOA2","GRN"
"SCJ1","GRN"
"RRD2","GRN"
"RTS3","GRN"
"YOR1","GRN"
"BCY1","GRN"
"CTR3","GRN"
"DAL3","GRN"
"GLN1","GRN"
"MKS1","GRN"
"TPS2","GRN"
"TPS3","GRN"
"TSC10","GRN"
"TSL1","GRN"
"YIL177C","GRN"
"GTO3","GRN"
"TRP3","GRN"
"SKN1","GRN"
"TAF8","GRN"
"SPC97","GRN"
"SPC98","GRN"
"ACE2","GRN"
"BCK1","GRN"
"ECM30","GRN"
"MNL1","GRN"
"YBL044W","GRN"
"ALT2","GRN"
"YJR098C","GRN"
"DRE2","GRN"
"RGC1","GRN"
"FDH1","GRN"
"RAV1","GRN"
"VMA10","GRN"
"VMA5","GRN"
"VMA6","GRN"
"VPH1","GRN"
"VPS35","GRN"
"BRO1","GRN"
"SNF7","GRN"
"VAM6","GRN"
"TLG1","GRN"
"TLG2","GRN"
"VTI1","GRN"
"YPT7","GRN"
"SWP1","GRN"
"DRS2","GRN"
"PDR5","GRN"
"TCB3","GRN"
"BRE2","GRN"
"SDC1","GRN"
"SPP1","GRN"
"STM1","GRN"
"BOI1","GRN"
"DIM1","GRN"
"PNO1","GRN"
"DOT6","GRN"
"UME6","GRN"
"CMS1","GRN"
"GTF1","GRN"
"DIA4","GRN"
"LPL1","GRN"
"TYE7","GRN"
"RTR1","GRN"
"FAR3","GRN"
"HFM1","GRN"
"TPI1","GRN"
"RGA2","GRN"
"ATP2","GRN"
"LYS9","GRN"
"TRM9","GRN"
"TRM11","GRN"
"FPR3","GRN"
"HYP2","GRN"
"SFB3","GRN"
"GPH1","GRN"
"MGE1","GRN"
"DNM1","GRN"
"MDH1","GRN"
"AIM41","GRN"
"ATP4","GRN"
"HSP104","GRN"
"EGD2","GRN"
"SEC2","GRN"
"TMA19","GRN"
"SAS10","GRN"
"LSP1","GRN"
"SGM1","GRN"
"TGL1","GRN"
"CRZ1","GRN"
"YER138C","GRN"
"CAR2","GRN"
"OYE2","GRN"
"HXT7","GRN"
"GAS1","GRN"
"ACO1","GRN"
"MSD1","GRN"
"HTS1","GRN"
"FAR8","GRN"
"FET4","GRN"
"PHO84","GRN"
"FAR7","GRN"
"KAP122","GRN"
"ADR1","GRN"
"MCM4","GRN"
"YJR029W","GRN"
"YPT32","GRN"
"SEC4","GRN"
"ATP3","GRN"
"GSY1","GRN"
"FIN1","GRN"
"PYC2","GRN"
"YFL042C","GRN"
"NGL2","GRN"
"TSA2","GRN"
"ADH2","GRN"
"PYC1","GRN"
"ISA2","GRN"
"YHR112C","GRN"
"ACH1","GRN"
"TBS1","GRN"
"IRA2","GRN"
"RCN2","GRN"
"CSR2","GRN"
"SPC72","GRN"
"IVY1","GRN"
"ADO1","GRN"
"TCP1","GRN"
"SAH1","GRN"
"SSK2","GRN"
"ATG29","GRN"
"GRH1","GRN"
"MTQ1","GRN"
"ATG31","GRN"
"ASA1","GRN"
"AAC3","GRN"
"FOL2","GRN"
"GPP1","GRN"
"SPC110","GRN"
"MYO3","GRN"
"HUL5","GRN"
"DCS1","GRN"
"YPL247C","GRN"
"PGM2","GRN"
"ARF2","GRN"
"IDH1","GRN"
"PET10","GRN"
"YHR033W","GRN"
"PRB1","GRN"
"SDH2","GRN"
"VPS74","GRN"
"SER1","GRN"
"STI1","GRN"
"AIM2","GRN"
"TDA3","GRN"
"YGR016W","GRN"
"GDE1","GRN"
"KIN1","GRN"
"ISM1","GRN"
"TRR1","GRN"
"HTB1","GRN"
"AHP1","GRN"
"KRE6","GRN"
"GSP2","GRN"
"SYO1","GRN"
"DPS1","GRN"
"YRB1","GRN"
"GSF2","GRN"
"FET3","GRN"
"LOS1","GRN"
"PRO3","GRN"
"VAC8","GRN"
"SCW4","GRN"
"ARO4","GRN"
"MPC54","GRN"
"PST2","GRN"
"POR1","GRN"
"SOD1","GRN"
"ILV5","GRN"
"OYE3","GRN"
"GID8","GRN"
"RMD5","GRN"
"FYV10","GRN"
"VID30","GRN"
"VID28","GRN"
"UBP12","GRN"
"YMR144W","GRN"
"URE2","GRN"
"YGR017W","GRN"
"PMA1","GRN"
"YGR130C","GRN"
"HXT6","GRN"
"PMA2","GRN"
"KIP3","GRN"
"UBI4","GRN"
"RRT6","GRN"
"THR4","GRN"
"HOM2","GRN"
"AAT2","GRN"
"GET1","GRN"
"GET2","GRN"
"SEC53","GRN"
"UTP14","GRN"
"ESL2","GRN"
"GRX7","GRN"
"KRI1","GRN"
"MOG1","GRN"
"CTR1","GRN"
"RRG9","GRN"
"GRX4","GRN"
"FRA1","GRN"
"STE23","GRN"
"KEX2","GRN"
"RGP1","GRN"
"CAF120","GRN"
"QNS1","GRN"
"VPH2","GRN"
"YME2","GRN"
"EGD1","GRN"
"ECM10","GRN"
"AMF1","GRN"
"YGR210C","GRN"
"PDI1","GRN"
"AGX1","GRN"
"ADK1","GRN"
"PCL7","GRN"
"PIB2","GRN"
"THI21","GRN"
"EXG1","GRN"
"RRP17","GRN"
"ARP10","GRN"
"DIP5","GRN"
"YOR283W","GRN"
"YNL040W","GRN"
"CSC1","GRN"
"TIM21","GRN"
"STE20","GRN"
"GPD2","GRN"
"MDM30","GRN"
"GPD1","GRN"
"PDC6","GRN"
"MNP1","GRN"
"PRS3","GRN"
"AAC1","GRN"
"TYR1","GRN"
"TCB1","GRN"
"YNL208W","GRN"
"PTC7","GRN"
"SEC18","GRN"
"PPX1","GRN"
"REX2","GRN"
"ATG11","GRN"
"YEL023C","GRN"
"PET112","GRN"
"HOM3","GRN"
"RAS1","GRN"
"YBR139W","GRN"
"CYC8","GRN"
"SSY5","GRN"
"SPH1","GRN"
"SUV3","GRN"
"AXL1","GRN"
"MOB1","GRN"
"HEF3","GRN"
"PET9","GRN"
"ERG27","GRN"
"ARG4","GRN"
"LIA1","GRN"
"RTN2","GRN"
"MAE1","GRN"
"AYR1","GRN"
"OM45","GRN"
"YNL181W","GRN"
"PCT1","GRN"
"INM1","GRN"
"SGT2","GRN"
"GAL7","GRN"
"UFD4","GRN"
"DYN2","GRN"
"SOD2","GRN"
"DSS1","GRN"
"YMR226C","GRN"
"APT1","GRN"
"PHO86","GRN"
"DLD3","GRN"
"ACS2","GRN"
"ILV3","GRN"
"ERG10","GRN"
"FUM1","GRN"
"MRS6","GRN"
"MAD3","GRN"
"CCT3","GRN"
"YMR102C","GRN"
"HEM15","GRN"
"MET10","GRN"
"DOP1","GRN"
"SRY1","GRN"
"PDC5","GRN"
"DUG2","GRN"
"GDB1","GRN"
"GAC1","GRN"
"AIP1","GRN"
"YMR209C","GRN"
"TIP41","GRN"
"YDR341C","GRN"
"URA1","GRN"
"MLP2","GRN"
"ERG1","GRN"
"GUF1","GRN"
"GPP2","GRN"
"ADH3","GRN"
"RNQ1","GRN"
"IME4","GRN"
"SCP1","GRN"
"RRP15","GRN"
"SGD1","GRN"
"ATG19","GRN"
"DSK2","GRN"
"HMF1","GRN"
"CGI121","GRN"
"NHA1","GRN"
"HEL1","GRN"
"SUM1","GRN"
"LSB1","GRN"
"ART10","GRN"
"YKR018C","GRN"
"BUL1","GRN"
"HSL7","GRN"
"ADH4","GRN"
"YDL124W","GRN"
"ERG20","GRN"
"RUB1","GRN"
"MET4","GRN"
"MET31","GRN"
"TRP5","GRN"
"HRB1","GRN"
"CDC37","GRN"
"MSS116","GRN"
"YER077C","GRN"
"UBP7","GRN"
"GYP5","GRN"
"GPN3","GRN"
"HOM6","GRN"
"RAD18","GRN"
"GND2","GRN"
"RSN1","GRN"
"ERG6","GRN"
"PRM2","GRN"
"MET6","GRN"
"NTF2","GRN"
"LRO1","GRN"
"AFR1","GRN"
"GRX1","GRN"
"YLR287C","GRN"
"NPA3","GRN"
"YER160C","GRN"
"IDP2","GRN"
"SGO1","GRN"
"RNH202","GRN"
"ISN1","GRN"
"PEX6","GRN"
"RKM2","GRN"
"STE12","GRN"
"PBA1","GRN"
"ADD66","GRN"
"YIL055C","GRN"
"HIR1","GRN"
"CIN8","GRN"
"SAC1","GRN"
"CBP3","GRN"
"YLR152C","GRN"
"TRL1","GRN"
"TAL1","GRN"
"KIC1","GRN"
"MCX1","GRN"
"SAR1","GRN"
"FMP40","GRN"
"INA1","GRN"
"PPE1","GRN"
"GPG1","GRN"
"ARE1","GRN"
"MSC3","GRN"
"LAS1","GRN"
"KEL2","GRN"
"GIS4","GRN"
"DOG1","GRN"
"CHS1","GRN"
"HIR2","GRN"
"EMI2","GRN"
"YBP2","GRN"
"PSD1","GRN"
"YHM2","GRN"
"NDE1","GRN"
"FAA1","GRN"
"OAC1","GRN"
"CBP6","GRN"
"ADE17","GRN"
"NFS1","GRN"
"RTN1","GRN"
"MSN4","GRN"
"SUL2","GRN"
"AI1","GRN"
"HHT1","GRN"
"HHO1","GRN"
"SEN2","GRN"
"TUF1","GRN"
"ATE1","GRN"
"CTF4","GRN"
"MCM3","GRN"
"SSF2","GRN"
"LST4","GRN"
"SEG1","GRN"
"YPD1","GRN"
"YBR242W","GRN"
"TMA108","GRN"
"VPS73","GRN"
"IRA1","GRN"
"ERR3","GRN"
"CDC123","GRN"
"YBL029W","GRN"
"ENT2","GRN"
"OSH7","GRN"
"BUD7","GRN"
"STE11","GRN"
"BOP2","GRN"
"SGT1","GRN"
"MRE11","GRN"
"LHS1","GRN"
"SKG3","GRN"
"EAP1","GRN"
"BEM4","GRN"
"STE7","GRN"
"BCK2","GRN"
"RNH203","GRN"
"MNN9","GRN"
"PGM1","GRN"
"ILV2","GRN"
"OPY1","GRN"
"SHQ1","GRN"
"LSC1","GRN"
"THI22","GRN"
"YBR184W","GRN"
"PDX3","GRN"
"ITR2","GRN"
"ATG20","GRN"
"ATG4","GRN"
"RGI1","GRN"
"RTC3","GRN"
"FPK1","GRN"
"ICP55","GRN"
"SKG6","GRN"
"LGE1","GRN"
"STB4","GRN"
"FAA2","GRN"
"DAK2","GRN"
"BUD9","GRN"
"GAL3","GRN"
"ECM33","GRN"
"YAR009C","GRN"
"YGP1","GRN"
"MMS1","GRN"
"MER1","GRN"
"PTP2","GRN"
"RSF2","GRN"
"MAP2","GRN"
"YCL042W","GRN"
"AHC1","GRN"
"NOP53","GRN"
"UBR1","GRN"
"RTT103","GRN"
"NUP2","GRN"
"YPR089W","GRN"
"NUP1","GRN"
"FZO1","GRN"
"HXT5","GRN"
"ELC1","GRN"
"ELG1","GRN"
"YDR239C","GRN"
"MSE1","GRN"
"HMG2","GRN"
"GTO1","GRN"
"LAA1","GRN"
"SNO2","GRN"
"YPK3","GRN"
"YCK3","GRN"
"YGR111W","GRN"
"SLM1","GRN"
"PNT1","GRN"
"YMR196W","GRN"
"RMT2","GRN"
"APA1","GRN"
"YGL117W","GRN"
"TDA10","GRN"
"PTC2","GRN"
"SWI4","GRN"
"SSK22","GRN"
"YPL113C","GRN"
"FUB1","GRN"
"GDT1","GRN"
"BTN2","GRN"
"URB2","GRN"
"MDY2","GRN"
"BIO3","GRN"
"DUT1","GRN"
"CPR3","GRN"
"YGR066C","GRN"
"CPA1","GRN"
"KCS1","GRN"
"IGD1","GRN"
"SOK1","GRN"
"SVL3","GRN"
"CYK3","GRN"
"BNR1","GRN"
"YJL107C","GRN"
"DEF1","GRN"
"BIK1","GRN"
"RTT101","GRN"
"RPC10","GRN"
"MMS4","GRN"
"YMR155W","GRN"
"YRF1-3","GRN"
"AVT2","GRN"
"SEF1","GRN"
"SKT5","GRN"
"FUS3","GRN"
"MIC19","GRN"
"RNR1","GRN"
"NUP53","GRN"
"YLR326W","GRN"
"ISA1","GRN"
"PET127","GRN"
"CBP2","GRN"
"GPA1","GRN"
"PMC1","GRN"
"FMP10","GRN"
"POX1","GRN"
"MDJ1","GRN"
"NPR2","GRN"
"ALD5","GRN"
"YSP2","GRN"
"ADH6","GRN"
"ARG1","GRN"
"PMI40","GRN"
"RAD17","GRN"
"MRPS35","GRN"
"TIS11","GRN"
"SLP1","GRN"
"GCR2","GRN"
"CKI1","GRN"
"YJR027W","GRN"
"YJR028W","GRN"
"PMD1","GRN"
"PRS2","GRN"
"YDR170W-A","GRN"
"SRM1","GRN"
"ARA1","GRN"
"ADE6","GRN"
"APE2","GRN"
"MDH3","GRN"
"GCY1","GRN"
"YRM1","GRN"
"APE3","GRN"
"DPM1","GRN"
"YKR051W","GRN"
"RRP3","GRN"
"MET16","GRN"
"YBT1","GRN"
"YGR266W","GRN"
"YML020W","GRN"
"YPR003C","GRN"
"YLR271W","GRN"
"SLX1","GRN"
"EXO70","GRN"
"CIN5","GRN"
"SQT1","GRN"
"YNR065C","GRN"
"GAL2","GRN"
"PEX15","GRN"
"ROD1","GRN"
"RIP1","GRN"
"YBR063C","GRN"
"CHZ1","GRN"
"QCR7","GRN"
"SCD5","GRN"
"GPI15","GRN"
"UBP9","GRN"
"BIR1","GRN"
"BNA5","GRN"
"JJJ1","GRN"
"HCH1","GRN"
"CMK2","GRN"
"YNL134C","GRN"
"EFM1","GRN"
"NUP133","GRN"
"YIL108W","GRN"
"ZRG17","GRN"
"ARO9","GRN"
"RTT107","GRN"
"GDH2","GRN"
"OSW7","GRN"
"CRC1","GRN"
"YDL086W","GRN"
"CLB5","GRN"
"SAY1","GRN"
"TOM1","GRN"
"ASI3","GRN"
"KKQ8","GRN"
"SIR1","GRN"
"VMA22","GRN"
"DOG2","GRN"
"MSK1","GRN"
"FUR1","GRN"
"HMS1","GRN"
"MCR1","GRN"
"ATP5","GRN"
"ATP7","GRN"
"ADH5","GRN"
"STB3","GRN"
"SPC25","GRN"
"UBR2","GRN"
"SSQ1","GRN"
"MUB1","GRN"
"CUE5","GRN"
"YJL045W","GRN"
"YLR422W","GRN"
"SLM4","GRN"
"DAD2","GRN"
"ECM11","GRN"
"SNO1","GRN"
"SNZ2","GRN"
"SPC34","GRN"
"SRP40","GRN"
"CSM2","GRN"
"RPS28A","GRN"
"BIT2","GRN"
"TVP23","GRN"
"YAP6","GRN"
"PEX29","GRN"
"DDI1","GRN"
"UBP5","GRN"
"BUD27","GRN"
"TIP20","GRN"
"YIP5","GRN"
"NMA2","GRN"
"NUP57","GRN"
"UBA4","GRN"
"ARP1","GRN"
"GLG2","GRN"
"SNF8","GRN"
"YER121W","GRN"
"LIP1","GRN"
"HAP4","GRN"
"MIG2","GRN"
"RLM1","GRN"
"SFL1","GRN"
"HAC1","GRN"
"THI2","GRN"
"BAS1","GRN"
"HAA1","GRN"
"HAP1","GRN"
"RPN4","GRN"
"YOX1","GRN"
"GZF3","GRN"
"GCN4","GRN"
"GCR1","GRN"
"GAT1","GRN"
"DAL80","GRN"
"MSN2","GRN"
"MOT3","GRN"
"PDR3","GRN"
"SKN7","GRN"
"INO2","GRN"
"MCM1","GRN"
"ABF1","GRN"
"PHO4","GRN"
"SOK2","GRN"
"HSF1","GRN"
"ROX1","GRN"
"PHO2","GRN"
"RDS2","GRN"
"OAF1","GRN"
"RAP1","GRN"
"PDR1","GRN"
"CAD1","GRN"
"PDC2","GRN"
"GLN3","GRN"
"SIP4","GRN"
"CAT8","GRN"
"PIP2","GRN"
"AZF1","GRN"
"RGT1","GRN"
"OLI1","GRN"
"PPR1","GRN"
"ECM22","GRN"
"RTG1","GRN"
"NRG1","GRN"
"HAL9","GRN"
"CUP9","GRN"
"ARO80","GRN"
"UPC2","GRN"
"DAL81","GRN"
"PHD1","GRN"
"FYV5","GRN"
"ZAP1","GRN"
"GIS1","GRN"
"AFT2","GRN"
"NDT80","GRN"
"SUT1","GRN"
"HCM1","GRN"
"MSS11","GRN"
"SKO1","GRN"
"ELP6","GRN"
"IFH1","GRN"
"UGA3","GRN"
"MET28","GRN"
"LEU3","GRN"
"ARG80","GRN"
"RTG3","GRN"
"SUT2","GRN"
"LYS14","GRN"
"IXR1","GRN"
"CBF1","GRN"
"CST6","GRN"
"ARG81","GRN"
"NDD1","GRN"
"WAR1","GRN"
"PUT3","GRN"
"STP2","GRN"
"FLO8","GRN"
"YHP1","GRN"
"RIM101","GRN"
"AFT1","GRN"
"NRG2","GRN"
"IME1","GRN"
"CUP1-2","GRN"
"ASH1","GRN"
"YAP5","GRN"
"SPT10","GRN"
"RPH1","GRN"
"MET32","GRN"
"STP1","GRN"
"MSS1","GRN"
"MSN1","GRN"
"GAL4","GRN"
"CUP2","GRN"
"FLO1","GRN"
"RME1","GRN"
"MIG3","GRN"
"MIT1","GRN"
"XBP1","GRN"
"TDA9","GRN"
"ARR1","GRN"
"OAF3","GRN"
"USV1","GRN"
"CHA4","GRN"
"PEX2","GRN"
"RDS1","GRN"
"KAR4","GRN"
"DAL82","GRN"
"YRR1","GRN"
"SPT3","GRN"
"YAP7","GRN"
"RDR1","GRN"
"MAL13","GRN"
"STB5","GRN"
"ERT1","GRN"
"SMP1","GRN"
"MTH1","GRN"
"MGA1","GRN"
"MSA1","GRN"
"SPT23","GRN"
"GAL80","GRN"
"ACA1","GRN"
"YPS1","GRN"
"ASG1","GRN"
"MFG1","GRN"
"YAP3","GRN"
"PDR8","GRN"
"MSA2","GRN"
"CUP1-1","GRN"
"-","GRN"
"SCC2","GRN"
"CSE4","GRN"
"DOT1","GRN"
"NCB2","GRN"
"GAT3","GRN"
"MAL33","GRN"
"EDS1","GRN"
"TOS8","GRN"
"URC2","GRN"
"REC114","GRN"
"GAT4","GRN"
"SUB1","GRN"
"HMS2","GRN"
"REC8","GRN"
"RGM1","GRN"
"LAP3","GRN"
"BRF1","GRN"
"HOP1","GRN"
"MIF2","GRN"
"GSM1","GRN"
"MCM10","GRN"
"STP4","GRN"
"RSC30","GRN"
"PLM2","GRN"
"RPI1","GRN"
"GAL1","GRN"
"SRD1","GRN"
"CBF2","GRN"
"TOD6","GRN"
"REC107","GRN"
"BRN1","GRN"
"ZIP1","GRN"
"NDC80","GRN"
"SAE2","GRN"
"HST2","GRN"
"PDS5","GRN"
"CNN1","GRN"
"HST3","GRN"
"ARP5","GRN"
"PMR1","GRN"
"HST4","GRN"
"SPO11","GRN"
"SPO22","GRN"
"JHD2","GRN"
"ASN1","GRN"
"PHO89","GRN"
"DDI2","GRN"
"STE18","GRN"
"RPL7A","GRN"
"HIS7","GRN"
"CYT1","GRN"
"FBP1","GRN"
"MAP1","GRN"
"ULI1","GRN"
"SUN4","GRN"
"HXT3","GRN"
"MEP1","GRN"
"PHM7","GRN"
"CTT1","GRN"
"PDH1","GRN"
"DAP2","GRN"
"HXK2","GRN"
"IDP1","GRN"
"ALD2","GRN"
"HSP31","GRN"
"SDL1","GRN"
"POT1","GRN"
"HSP30","GRN"
"NCP1","GRN"
"ERG11","GRN"
"ERJ5","GRN"
"ERG28","GRN"
"TDH1","GRN"
"MGR1","GRN"
"BNA1","GRN"
"CIT1","GRN"
"RIB5","GRN"
"RPL28","GRN"
"FOX2","GRN"
"FEX2","GRN"
"CYC1","GRN"
"ADP1","GRN"
"UGA4","GRN"
"ATG32","GRN"
"RPS1A","GRN"
"SFC1","GRN"
"PTK2","GRN"
"ODC2","GRN"
"FLO11","GRN"
"YSP3","GRN"
"PUT1","GRN"
"PIS1","GRN"
"BFR1","GRN"
"DFG5","GRN"
"STE6","GRN"
"MLS1","GRN"
"AMD1","GRN"
"TRR2","GRN"
"TES1","GRN"
"GRE3","GRN"
"TY1B-PR2","GRN"
"UGA2","GRN"
"ADE1","GRN"
"ICS3","GRN"
"GLK1","GRN"
"DUG3","GRN"
"PCL2","GRN"
"PEX11","GRN"
"ITR1","GRN"
"HO","GRN"
"GAL10","GRN"
"HMG1","GRN"
"CTS1","GRN"
"BAP2","GRN"
"NYV1","GRN"
"ENA1","GRN"
"TOM71","GRN"
"GDH1","GRN"
"IMA5","GRN"
"PLC1","GRN"
"VTC3","GRN"
"OPT2","GRN"
"PSA1","GRN"
"ECM27","GRN"
"ERG2","GRN"
"PTK1","GRN"
"AGP1","GRN"
"AQY2","GRN"
"SYM1","GRN"
"SPI1","GRN"
"ALD3","GRN"
"DSE4","GRN"
"EKI1","GRN"
"TIR2","GRN"
"GSC2","GRN"
"PNS1","GRN"
"PSP2","GRN"
"ECM9","GRN"
"TMT1","GRN"
"SPS100","GRN"
"GRE2","GRN"
"FHN1","GRN"
"ANB1","GRN"
"LIP5","GRN"
"TDA4","GRN"
"CWP1","GRN"
"HLR1","GRN"
"RHO3","GRN"
"DER1","GRN"
"DFR1","GRN"
"YCT1","GRN"
"SDH1","GRN"
"UGA1","GRN"
"STF2","GRN"
"DSE2","GRN"
"PIR1","GRN"
"CHS7","GRN"
"MPD1","GRN"
"THI4","GRN"
"ELO1","GRN"
"YPS3","GRN"
"OPI3","GRN"
"FUS1","GRN"
"SPS4","GRN"
"IRC15","GRN"
"RPL40A","GRN"
"PRM5","GRN"
"SNC2","GRN"
"CCP1","GRN"
"NUP42","GRN"
"AMD2","GRN"
"INO1","GRN"
"LEU4","GRN"
"ATO3","GRN"
"FAS1","GRN"
"MSP1","GRN"
"SHU1","GRN"
"TGL4","GRN"
"ALD6","GRN"
"SMA1","GRN"
"ARO3","GRN"
"PHO8","GRN"
"PAH1","GRN"
"ARG5,6","GRN"
"SNO3","GRN"
"CDC21","GRN"
"RSF1","GRN"
"DDR2","GRN"
"SPL2","GRN"
"CYC7","GRN"
"UIP3","GRN"
"OCA5","GRN"
"SCT1","GRN"
"OSW2","GRN"
"SED1","GRN"
"PGU1","GRN"
"ADE2","GRN"
"ARN2","GRN"
"GUT2","GRN"
"AUR1","GRN"
"LYS21","GRN"
"SBA1","GRN"
"MCP2","GRN"
"GPI13","GRN"
"ALR2","GRN"
"DAN4","GRN"
"MBR1","GRN"
"SCS3","GRN"
"ADE12","GRN"
"GSH1","GRN"
"IDI1","GRN"
"MEP2","GRN"
"COQ5","GRN"
"HED1","GRN"
"YAT2","GRN"
"GIT1","GRN"
"RPS23A","GRN"
"RPP1A","GRN"
"TIR3","GRN"
"ATG1","GRN"
"DFM1","GRN"
"TRP4","GRN"
"MPC2","GRN"
"PHO5","GRN"
"LEU2","GRN"
"TCD1","GRN"
"ATO2","GRN"
"HIS1","GRN"
"NDJ1","GRN"
"PUT2","GRN"
"MUP1","GRN"
"GIP1","GRN"
"PEX25","GRN"
"RPS4A","GRN"
"MET3","GRN"
"RSB1","GRN"
"EOS1","GRN"
"GCV1","GRN"
"FMO1","GRN"
"GRX8","GRN"
"TPO1","GRN"
"CTA1","GRN"
"YHI9","GRN"
"GRC3","GRN"
"PNC1","GRN"
"RPL11A","GRN"
"PHO92","GRN"
"DAK1","GRN"
"ROG1","GRN"
"CPS1","GRN"
"OCH1","GRN"
"SIT1","GRN"
"CHS5","GRN"
"PLB2","GRN"
"BSC5","GRN"
"TOR1","GRN"
"CLN3","GRN"
"MATALPHA1","GRN"
"ZRT2","GRN"
"DYS1","GRN"
"SAE3","GRN"
"LYP1","GRN"
"NFT1","GRN"
"ADE16","GRN"
"PDR10","GRN"
"ERV29","GRN"
"FLO9","GRN"
"DAL4","GRN"
"RPL4B","GRN"
"IGO2","GRN"
"BDH1","GRN"
"PHO88","GRN"
"QCR8","GRN"
"COX5B","GRN"
"LYS20","GRN"
"NCA3","GRN"
"GLO1","GRN"
"HXT4","GRN"
"SUC2","GRN"
"SAG1","GRN"
"SOR1","GRN"
"BPT1","GRN"
"COX23","GRN"
"TIM10","GRN"
"STL1","GRN"
"RPS8B","GRN"
"HSP78","GRN"
"GDH3","GRN"
"ANT1","GRN"
"DDP1","GRN"
"ZPS1","GRN"
"GPX2","GRN"
"MSB2","GRN"
"DCI1","GRN"
"REE1","GRN"
"TIR1","GRN"
"ARR2","GRN"
"RPS5","GRN"
"TY1B-JR1","GRN"
"GAP1","GRN"
"HNT1","GRN"
"PHM8","GRN"
"UBX3","GRN"
"ICY1","GRN"
"CLB1","GRN"
"COX15","GRN"
"LPP1","GRN"
"EPT1","GRN"
"SDH6","GRN"
"RPL16B","GRN"
"HXK1","GRN"
"OST3","GRN"
"CIT2","GRN"
"ECI1","GRN"
"CDC19","GRN"
"GLG1","GRN"
"DPP1","GRN"
"ATX1","GRN"
"CAJ1","GRN"
"RCR1","GRN"
"PUN1","GRN"
"RPL42B","GRN"
"KAR3","GRN"
"JLP1","GRN"
"SCW11","GRN"
"REG2","GRN"
"ARG7","GRN"
"HXT14","GRN"
"OLE1","GRN"
"ACO2","GRN"
"OST2","GRN"
"NCE103","GRN"
"RPL12B","GRN"
"COX1","GRN"
"ISC10","GRN"
"THI6","GRN"
"PBP4","GRN"
"PGS1","GRN"
"RTC2","GRN"
"ZRT1","GRN"
"RPS28B","GRN"
"ALD4","GRN"
"ACS1","GRN"
"COX2","GRN"
"CTR2","GRN"
"HXT9","GRN"
"TNA1","GRN"
"CYB2","GRN"
"GOR1","GRN"
"HEM1","GRN"
"DDR48","GRN"
"RPL11B","GRN"
"YIP3","GRN"
"HSP150","GRN"
"RDH54","GRN"
"DIA1","GRN"
"ICT1","GRN"
"HXT2","GRN"
"ASN2","GRN"
"ORT1","GRN"
"AQR1","GRN"
"IFA38","GRN"
"ERG25","GRN"
"TAT2","GRN"
"IOC2","GRN"
"GLR1","GRN"
"RPS17A","GRN"
"DSE3","GRN"
"STE2","GRN"
"SPS18","GRN"
"RPS8A","GRN"
"HEM12","GRN"
"MUM3","GRN"
"SPS19","GRN"
"TMA10","GRN"
"IZH4","GRN"
"MFA1","GRN"
"DLD1","GRN"
"HXT11","GRN"
"MUD2","GRN"
"MET14","GRN"
"IPT1","GRN"
"SGA1","GRN"
"SPR28","GRN"
"FRE2","GRN"
"HBT1","GRN"
"DUR3","GRN"
"RPS11B","GRN"
"AI2","GRN"
"PHO3","GRN"
"DPL1","GRN"
"YCF1","GRN"
"MBF1","GRN"
"FIG2","GRN"
"PCK1","GRN"
"HRD1","GRN"
"FLR1","GRN"
"CRF1","GRN"
"AGA1","GRN"
"FPS1","GRN"
"IZH2","GRN"
"ATG15","GRN"
"RPS16A","GRN"
"PAU24","GRN"
"RPL8A","GRN"
"HXT12","GRN"
"GSH2","GRN"
"COS6","GRN"
"CCW14","GRN"
"ASP3-1","GRN"
"ATP6","GRN"
"FIT2","GRN"
"PST1","GRN"
"EEB1","GRN"
"GRX6","GRN"
"FLO10","GRN"
"SDH3","GRN"
"ZEO1","GRN"
"MSC1","GRN"
"HAL1","GRN"
"YET2","GRN"
"CCC1","GRN"
"VHT1","GRN"
"SPO74","GRN"
"LAG1","GRN"
"CRS5","GRN"
"RPS11A","GRN"
"SPO1","GRN"
"SRX1","GRN"
"REC102","GRN"
"RTA1","GRN"
"MUP3","GRN"
"UGX2","GRN"
"GTT3","GRN"
"ESBP6","GRN"
"YRO2","GRN"
"SYG1","GRN"
"PIR3","GRN"
"ATF1","GRN"
"BIG1","GRN"
"YTP1","GRN"
"SMF3","GRN"
"UGP1","GRN"
"ALF1","GRN"
"YME1","GRN"
"RPS22B","GRN"
"MSS4","GRN"
"WHI5","GRN"
"TIP1","GRN"
"RIM21","GRN"
"CAT2","GRN"
"GGA1","GRN"
"PAU23","GRN"
"CHA1","GRN"
"SPO77","GRN"
"VMA16","GRN"
"MVP1","GRN"
"GIC2","GRN"
"ATP1","GRN"
"NAT4","GRN"
"KTR2","GRN"
"RPS25B","GRN"
"RPS2","GRN"
"GAT2","GRN"
"DSE1","GRN"
"FIT3","GRN"
"GCV3","GRN"
"AAD16","GRN"
"DIC1","GRN"
"HXT1","GRN"
"SDC25","GRN"
"CWH41","GRN"
"SIM1","GRN"
"CRH1","GRN"
"PRM8","GRN"
"MTD1","GRN"
"RPL9B","GRN"
"YPK1","GRN"
"TRM732","GRN"
"ADY2","GRN"
"RPS23B","GRN"
"STR3","GRN"
"LSO1","GRN"
"ECM14","GRN"
"HUT1","GRN"
"LYS4","GRN"
"COX3","GRN"
"ALP1","GRN"
"PRM4","GRN"
"WIP1","GRN"
"LSC2","GRN"
"RPS22A","GRN"
"NEJ1","GRN"
"ATP16","GRN"
"CRP1","GRN"
"ZTA1","GRN"
"HRI1","GRN"
"STR2","GRN"
"FRE1","GRN"
"DAL5","GRN"
"STE24","GRN"
"PFK26","GRN"
"PRM1","GRN"
"ERG9","GRN"
"PMT1","GRN"
"TDA11","GRN"
"RPL7B","GRN"
"SUR1","GRN"
"MET22","GRN"
"TY1B-NL1","GRN"
"COX12","GRN"
"CSG2","GRN"
"PYK2","GRN"
"SWC5","GRN"
"AGP2","GRN"
"TRP1","GRN"
"MET5","GRN"
"FAT1","GRN"
"GTT1","GRN"
"REV7","GRN"
"DAL1","GRN"
"NVJ1","GRN"
"FRD1","GRN"
"PRR2","GRN"
"AZR1","GRN"
"MRH1","GRN"
"TEF1;TEF2","GRN"
"SVF1","GRN"
"HSP26","GRN"
"RPS3","GRN"
"ERC1","GRN"
"SET5","GRN"
"HOR7","GRN"
"COS5","GRN"
"MET17","GRN"
"HEM3","GRN"
"CPT1","GRN"
"TDA6","GRN"
"SFA1","GRN"
"THR1","GRN"
"PDR15","GRN"
"YHK8","GRN"
"SNQ2","GRN"
"ECL1","GRN"
"ATS1","GRN"
"HSP10","GRN"
"ZWF1","GRN"
"TFS1","GRN"
"URA4","GRN"
"ACB1","GRN"
"JEN1","GRN"
"GIC1","GRN"
"MET1","GRN"
"BAP3","GRN"
"SUL1","GRN"
"ERP3","GRN"
"URA10","GRN"
"RPS0B","GRN"
"KRE5","GRN"
"RPS9B","GRN"
"GNP1","GRN"
"RPL9A","GRN"
"THI7","GRN"
"UIP5","GRN"
"YDC1","GRN"
"COS8","GRN"
"YPS6","GRN"
"PCL5","GRN"
"PXA2","GRN"
"SVS1","GRN"
"PDR18","GRN"
"DAN1","GRN"
"PDR12","GRN"
"ENA2","GRN"
"SPG1","GRN"
"MDG1","GRN"
"GNA1","GRN"
"SEC14","GRN"
"COG4","GRN"
"SPC42","GRN"
"SPG3","GRN"
"YAT1","GRN"
"RPS6B","GRN"
"CDA1","GRN"
"RCN1","GRN"
"RPL22B","GRN"
"SIP18","GRN"
"GAA1","GRN"
"ATG41","GRN"
"DIT1","GRN"
"RTS2","GRN"
"ARG3","GRN"
"YEH2","GRN"
"FRM2","GRN"
"QDR1","GRN"
"INP53","GRN"
"WSC3","GRN"
"ARO8","GRN"
"ADD37","GRN"
"NMD2","GRN"
"AGC1","GRN"
"GRE1","GRN"
"AVT3","GRN"
"CDS1","GRN"
"IMA2","GRN"
"GPX1","GRN"
"APC9","GRN"
"MRL1","GRN"
"RPL34B","GRN"
"RPL21B","GRN"
"AUS1","GRN"
"TY1A-A","GRN"
"CWH43","GRN"
"NIF3","GRN"
"TIR4","GRN"
"KIP1","GRN"
"SCM4","GRN"
"FTR1","GRN"
"STE3","GRN"
"SDT1","GRN"
"FMP16","GRN"
"RPL31B","GRN"
"RMD6","GRN"
"EMP46","GRN"
"FIG1","GRN"
"IRC4","GRN"
"RPL37A","GRN"
"ADE8","GRN"
"AIM44","GRN"
"SNA3","GRN"
"FPR2","GRN"
"UTH1","GRN"
"YET1","GRN"
"CCC2","GRN"
"RPL15B","GRN"
"ABP140","GRN"
"PIR5","GRN"
"ASP3-2","GRN"
"SNZ1","GRN"
"GTS1","GRN"
"ICL2","GRN"
"AI4","GRN"
"RQC1","GRN"
"SPR3","GRN"
"DGA1","GRN"
"POL32","GRN"
"ARK1","GRN"
"PDR16","GRN"
"FLO5","GRN"
"ZRC1","GRN"
"ERG3","GRN"
"FRE6","GRN"
"FRE5","GRN"
"ENT5","GRN"
"PTP1","GRN"
"RRG8","GRN"
"VPS3","GRN"
"ELO3","GRN"
"GFD2","GRN"
"PEX3","GRN"
"LDH1","GRN"
"BNA2","GRN"
"ERG7","GRN"
"ISU2","GRN"
"ARG8","GRN"
"ECM4","GRN"
"OSH6","GRN"
"VEL1","GRN"
"PMT5","GRN"
"RPR2","GRN"
"TGL5","GRN"
"SDH4","GRN"
"HUG1","GRN"
"ENA5","GRN"
"REC104","GRN"
"IKS1","GRN"
"ILV6","GRN"
"GYP7","GRN"
"NRK1","GRN"
"NDE2","GRN"
"MEP3","GRN"
"ORM2","GRN"
"TY1B-LR2","GRN"
"MFA2","GRN"
"HHF1;HHF2","GRN"
"OAR1","GRN"
"SET4","GRN"
"COB","GRN"
"CHO2","GRN"
"HPF1","GRN"
"BI3","GRN"
"RIM8","GRN"
"THI5","GRN"
"MAL11","GRN"
"TMA17","GRN"
"ECM34","GRN"
"ERG24","GRN"
"RPS14A","GRN"
"APC4","GRN"
"BAR1","GRN"
"YOP1","GRN"
"PTR2","GRN"
"WSS1","GRN"
"EST2","GRN"
"SDS24","GRN"
"RIM4","GRN"
"SWA2","GRN"
"GLO4","GRN"
"ALG12","GRN"
"IAH1","GRN"
"CBR1","GRN"
"RPS17B","GRN"
"MRP8","GRN"
"YLF2","GRN"
"HIS2","GRN"
"DAL2","GRN"
"UFE1","GRN"
"PLB3","GRN"
"NBL1","GRN"
"YAP1801","GRN"
"NAT2","GRN"
"ARO10","GRN"
"TY1B-GR3","GRN"
"SOL3","GRN"
"RPO41","GRN"
"CIS3","GRN"
"PRY2","GRN"
"AGP3","GRN"
"RPL27B","GRN"
"ATR1","GRN"
"KTR1","GRN"
"MNT4","GRN"
"RPL26B","GRN"
"CAN1","GRN"
"PUT4","GRN"
"CHO1","GRN"
"SPO20","GRN"
"RPL2B","GRN"
"SEC61","GRN"
"NPT1","GRN"
"TOM70","GRN"
"BNA4","GRN"
"MMF1","GRN"
"CPR2","GRN"
"FMP45","GRN"
"ECM8","GRN"
"EGT2","GRN"
"COS3","GRN"
"AAT1","GRN"
"RPL36B","GRN"
"ARN1","GRN"
"SLH1","GRN"
"CLB4","GRN"
"NAG1","GRN"
"CRG1","GRN"
"YRF1-8","GRN"
"BAG7","GRN"
"SHH3","GRN"
"ERG5","GRN"
"NCE102","GRN"
"THI74","GRN"
"SPO24","GRN"
"SPO16","GRN"
"SMP3","GRN"
"MTF1","GRN"
"PAN5","GRN"
"MCD4","GRN"
"MRK1","GRN"
"ZIP2","GRN"
"RPL1B","GRN"
"GGC1","GRN"
"BNI5","GRN"
"TPO4","GRN"
"HIT1","GRN"
"MRX9","GRN"
"MRS2","GRN"
"RPL6B","GRN"
"RPL12A","GRN"
"SSU1","GRN"
"APD1","GRN"
"URA2","GRN"
"SOL4","GRN"
"CWP2","GRN"
"ARI1","GRN"
"RPL15A","GRN"
"RPS9A","GRN"
"ECM21","GRN"
"RPL13A","GRN"
"QDR2","GRN"
"SCS7","GRN"
"ATG33","GRN"
"BIO2","GRN"
"PAR32","GRN"
"HIS5","GRN"
"MDR1","GRN"
"IRC13","GRN"
"COS10","GRN"
"SPS2","GRN"
"NPR1","GRN"
"NCA2","GRN"
"DET1","GRN"
"GUK1","GRN"
"DBP5","GRN"
"MET12","GRN"
"GVP36","GRN"
"FSH1","GRN"
"CYB5","GRN"
"AGA2","GRN"
"GPM2","GRN"
"UBC8","GRN"
"GTT2","GRN"
"HRD3","GRN"
"SNF3","GRN"
"CMC4","GRN"
"RPS18B","GRN"
"RPL18B","GRN"
"VBA1","GRN"
"EUG1","GRN"
"FRE3","GRN"
"ZRT3","GRN"
"ASP3-4","GRN"
"RPS31","GRN"
"STE14","GRN"
"LEU5","GRN"
"TPO2","GRN"
"ARV1","GRN"
"DDI3","GRN"
"ATP20","GRN"
"GEP4","GRN"
"RPS18A","GRN"
"SMA2","GRN"
"APE4","GRN"
"YPC1","GRN"
"NPP1","GRN"
"KEG1","GRN"
"ISF1","GRN"
"PAD1","GRN"
"ARG82","GRN"
"VPS34","GRN"
"REV1","GRN"
"THO1","GRN"
"MAL31","GRN"
"RRT12","GRN"
"ACF2","GRN"
"SCW10","GRN"
"GCD10","GRN"
"VMA21","GRN"
"GAD1","GRN"
"DCD1","GRN"
"FKS3","GRN"
"KAR5","GRN"
"KEX1","GRN"
"JEM1","GRN"
"RPL24B","GRN"
"SOH1","GRN"
"RPL33A","GRN"
"PEX1","GRN"
"MPC3","GRN"
"LOH1","GRN"
"HYR1","GRN"
"ALG6","GRN"
"LSB6","GRN"
"HES1","GRN"
"UBC11","GRN"
"CLB6","GRN"
"DIA3","GRN"
"DON1","GRN"
"TPO3","GRN"
"TIM9","GRN"
"ALG2","GRN"
"WSC4","GRN"
"SMF2","GRN"
"SSB2","GRN"
"VTC4","GRN"
"TAD2","GRN"
"PGC1","GRN"
"URA6","GRN"
"SFB2","GRN"
"MTC6","GRN"
"BRL1","GRN"
"BRE5","GRN"
"PMT3","GRN"
"STF1","GRN"
"GAS5","GRN"
"TGL3","GRN"
"RIO1","GRN"
"RGI2","GRN"
"RRM3","GRN"
"SAM3","GRN"
"FLC1","GRN"
"AMA1","GRN"
"SIL1","GRN"
"STE5","GRN"
"FIT1","GRN"
"PTH1","GRN"
"ETR1","GRN"
"ECT1","GRN"
"AAD6","GRN"
"HUA2","GRN"
"QDR3","GRN"
"MET13","GRN"
"YET3","GRN"
"SSS1","GRN"
"RPS24B","GRN"
"AIM22","GRN"
"PMT2","GRN"
"SAP4","GRN"
"THI73","GRN"
"FRT1","GRN"
"TRM5","GRN"
"IZH1","GRN"
"GEX1","GRN"
"FYV1","GRN"
"ARR3","GRN"
"YJU3","GRN"
"RPS14B","GRN"
"COS1","GRN"
"CNE1","GRN"
"IMD1","GRN"
"AAD4","GRN"
"RPL36A","GRN"
"IMA4","GRN"
"WHI3","GRN"
"ICS2","GRN"
"YSR3","GRN"
"MXR1","GRN"
"MBB1","GRN"
"SUR2","GRN"
"MF(ALPHA)1","GRN"
"TY1A-PR2","GRN"
"AVT7","GRN"
"RPL33B","GRN"
"FRE4","GRN"
"SSA2","GRN"
"ASG7","GRN"
"ENB1","GRN"
"TY1B-A","GRN"
"RTT109","GRN"
"IRE1","GRN"
"RPL31A","GRN"
"NAR1","GRN"
"TY1A-JR1","GRN"
"THI20","GRN"
"PHO11","GRN"
"TAH18","GRN"
"PGA3","GRN"
"NQM1","GRN"
"LAM4","GRN"
"AI3","GRN"
"RPL13B","GRN"
"HEM2","GRN"
"MHF2","GRN"
"YSC83","GRN"
"RIB3","GRN"
"SEC59","GRN"
"SPT21","GRN"
"KNH1","GRN"
"SBH1","GRN"
"MRS4","GRN"
"SFG1","GRN"
"RRT5","GRN"
"NIT1","GRN"
"SAM4","GRN"
"MET2","GRN"
"LCL2","GRN"
"RPL22A","GRN"
"FYV12","GRN"
"CTR86","GRN"
"TUB2","GRN"
"POF1","GRN"
"IML2","GRN"
"GUA1","GRN"
"ATG23","GRN"
"PEX5","GRN"
"FCY21","GRN"
"RNY1","GRN"
"RDL1","GRN"
"SPO21","GRN"
"SIP3","GRN"
"TYS1","GRN"
"GLC3","GRN"
"MND1","GRN"
"RPL25","GRN"
"NSG1","GRN"
"GLN4","GRN"
"TIM54","GRN"
"SLZ1","GRN"
"FMP23","GRN"
"SEC24","GRN"
"PDR11","GRN"
"PEX18","GRN"
"YPR1","GRN"
"RPL39","GRN"
"BIO5","GRN"
"DBP6","GRN"
"COQ6","GRN"
"HUA1","GRN"
"BCD1","GRN"
"MHT1","GRN"
"PCH2","GRN"
"EMP47","GRN"
"CPR5","GRN"
"LDB17","GRN"
"VAM3","GRN"
"FRE8","GRN"
"MCH5","GRN"
"SVP26","GRN"
"SEC39","GRN"
"HTD2","GRN"
"HPT1","GRN"
"LNP1","GRN"
"MPD2","GRN"
"SSB1","GRN"
"PBI2","GRN"
"CUR1","GRN"
"URH1","GRN"
"KRE2","GRN"
"RMR1","GRN"
"HNM1","GRN"
"MSC7","GRN"
"PKP2","GRN"
"GRX5","GRN"
"UBX6","GRN"
"RIB1","GRN"
"RPS16B","GRN"
"RPS29B","GRN"
"MPA43","GRN"
"GIP4","GRN"
"PMT4","GRN"
"AUA1","GRN"
"RPS13","GRN"
"PUG1","GRN"
"TY1B-GR2","GRN"
"COS7","GRN"
"PRM10","GRN"
"NFU1","GRN"
"FRE7","GRN"
"SOM1","GRN"
"BCH1","GRN"
"CHS3","GRN"
"TIF3","GRN"
"CUZ1","GRN"
"FSH3","GRN"
"DIT2","GRN"
"MEI4","GRN"
"TMC1","GRN"
"TY1A-GR3","GRN"
"SCH9","GRN"
"GMC2","GRN"
"CRD1","GRN"
"ARO2","GRN"
"PCL1","GRN"
"VBA4","GRN"
"ASP3-3","GRN"
"ATM1","GRN"
"CIT3","GRN"
"BI4","GRN"
"CPR4","GRN"
"PRM3","GRN"
"CSM4","GRN"
"TOS2","GRN"
"ROM1","GRN"
"TPM1","GRN"
"YEF1","GRN"
"RKI1","GRN"
"DPH1","GRN"
"BDP1","GRN"
"RPL18A","GRN"
"FDC1","GRN"
"COS2","GRN"
"TY2A-OR2","GRN"
"TY2A-GR2","GRN"
"SCM3","GRN"
"RER1","GRN"
"VHR1","GRN"
"RRN9","GRN"
"TY1B-ER1","GRN"
"SMF1","GRN"
"MRS3","GRN"
"VOA1","GRN"
"CIS1","GRN"
"INN1","GRN"
"OXR1","GRN"
"PPN1","GRN"
"VAB2","GRN"
"GYP8","GRN"
"MNS1","GRN"
"SUA5","GRN"
"MDL2","GRN"
"ATH1","GRN"
"MPS3","GRN"
"CBP4","GRN"
"THI11","GRN"
"DFG10","GRN"
"PEX27","GRN"
"SCD6","GRN"
"COX19","GRN"
"FYV7","GRN"
"FCY2","GRN"
"PMP3","GRN"
"GEX2","GRN"
"RPL41B","GRN"
"RPS1B","GRN"
"ARA2","GRN"
"INH1","GRN"
"AGE2","GRN"
"BSC1","GRN"
"SPE2","GRN"
"CWC15","GRN"
"SFK1","GRN"
"INM2","GRN"
"DFG16","GRN"
"VMA9","GRN"
"QCR6","GRN"
"SHY1","GRN"
"SWM2","GRN"
"RPS30B","GRN"
"MIM1","GRN"
"RPS27B","GRN"
"BSC2","GRN"
"ATC1","GRN"
"ATP17","GRN"
"OPY2","GRN"
"TIM8","GRN"
"ASF2","GRN"
"RIM2","GRN"
"TY1B-MR2","GRN"
"HHT1;HHT2","GRN"
"PHB2","GRN"
"SCS22","GRN"
"HBN1","GRN"
"GCV2","GRN"
"SNO4","GRN"
"MUK1","GRN"
"ERV15","GRN"
"VAC7","GRN"
"NUP49","GRN"
"SCEI","GRN"
"FUS2","GRN"
"PFS1","GRN"
"PEX10","GRN"
"MVB12","GRN"
"RBK1","GRN"
"GUP1","GRN"
"GPI2","GRN"
"CIN4","GRN"
"MRI1","GRN"
"RFM1","GRN"
"PAU2","GRN"
"IBD2","GRN"
"VPS55","GRN"
"PIF1","GRN"
"CNM67","GRN"
"RPL19B","GRN"
"XPT1","GRN"
"YFH7","GRN"
"MCH4","GRN"
"TWF1","GRN"
"NOP8","GRN"
"SLG1","GRN"
"OPI10","GRN"
"PAN1","GRN"
"ACM1","GRN"
"MPS1","GRN"
"SNN1","GRN"
"BCH2","GRN"
"TY2A-DR3","GRN"
"FYV6","GRN"
"ENT1","GRN"
"HUR1","GRN"
"LDS1","GRN"
"MEF2","GRN"
"MRP2","GRN"
"SPE1","GRN"
"DUS1","GRN"
"FAF1","GRN"
"COA2","GRN"
"LOT5","GRN"
"TRI1","GRN"
"SPO19","GRN"
"ERV2","GRN"
"SEM1","GRN"
"RPL40B","GRN"
"OSM1","GRN"
"SSY1","GRN"
"TY1B-ER2","GRN"
"TY1B-PL","GRN"
"ATP18","GRN"
"CST26","GRN"
"YIH1","GRN"
"AIM14","GRN"
"TRM8","GRN"
"FCY1","GRN"
"TY1A-LR3","GRN"
"SIP5","GRN"
"PLP2","GRN"
"ASM4","GRN"
"ATG21","GRN"
"COQ9","GRN"
"PEX12","GRN"
"HEM4","GRN"
"QCR10","GRN"
"RPS21B","GRN"
"SNG1","GRN"
"NDI1","GRN"
"PAU16","GRN"
"TUB1","GRN"
"SPO23","GRN"
"YKE4","GRN"
"LDB16","GRN"
"EXG2","GRN"
"SBE2","GRN"
"UTP25","GRN"
"PET54","GRN"
"EMP65","GRN"
"RPA14","GRN"
"GOS1","GRN"
"UGO1","GRN"
"JIP4","GRN"
"BUD8","GRN"
"AGE1","GRN"
"HMI1","GRN"
"LCB5","GRN"
"COQ1","GRN"
"GTR1","GRN"
"EPS1","GRN"
"SLM5","GRN"
"AEP3","GRN"
"COX20","GRN"
"IZH3","GRN"
"SAS2","GRN"
"ARO7","GRN"
"RTR2","GRN"
"VIK1","GRN"
"EFM2","GRN"
"MNT3","GRN"
"NCE101","GRN"
"RPS10B","GRN"
"GPI12","GRN"
"SSP1","GRN"
"RAX1","GRN"
"CIR1","GRN"
"ERD2","GRN"
"AIM18","GRN"
"SAS5","GRN"
"RBA50","GRN"
"ATP14","GRN"
"DCG1","GRN"
"MID2","GRN"
"TY1A-ER2","GRN"
"TPC1","GRN"
"TY4A-H","GRN"
"RPS26B","GRN"
"DTR1","GRN"
"MRPL50","GRN"
"COQ8","GRN"
"RPS19A","GRN"
"OXA1","GRN"
"MSS51","GRN"
"EFR3","GRN"
"RPL14A","GRN"
"LCL1","GRN"
"SND1","GRN"
"PHO90","GRN"
"ECM15","GRN"
"FMS1","GRN"
"BOS1","GRN"
"FMP32","GRN"
"HKR1","GRN"
"CMC2","GRN"
"PAM1","GRN"
"PEP12","GRN"
"STU2","GRN"
"TAH11","GRN"
"TRM12","GRN"
"MSY1","GRN"
"NCR1","GRN"
"COX8","GRN"
"COX13","GRN"
"NUP192","GRN"
"AAD3","GRN"
"URA5","GRN"
"UTR4","GRN"
"UTP23","GRN"
"NRM1","GRN"
"BUD19","GRN"
"SKY1","GRN"
"TY2A-F","GRN"
"RPS15","GRN"
"BUD26","GRN"
"AFG1","GRN"
"RFU1","GRN"
"BUR6","GRN"
"SPR1","GRN"
"TY1A-NL1","GRN"
"YPQ1","GRN"
"PEX31","GRN"
"SLO1","GRN"
"TY4B-J","GRN"
"TRK2","GRN"
"MIC10","GRN"
"BST1","GRN"
"RHB1","GRN"
"ALT1","GRN"
"HXT10","GRN"
"YAR1","GRN"
"TYW3","GRN"
"YPK9","GRN"
"BSC4","GRN"
"NGL3","GRN"
"DPH2","GRN"
"YEA6","GRN"
"ZPR1","GRN"
"BXI1","GRN"
"DIF1","GRN"
"RRG1","GRN"
"FOL3","GRN"
"RPL19A","GRN"
"RTT106","GRN"
"RMI1","GRN"
"BUD4","GRN"
"ADK2","GRN"
"RIB4","GRN"
"SAL1","GRN"
"LCB3","GRN"
"ATF2","GRN"
"MRPL11","GRN"
"COS4","GRN"
"AIM23","GRN"
"OPT1","GRN"
"STP3","GRN"
"AST2","GRN"
"RPS20","GRN"
"SEC9","GRN"
"SNF11","GRN"
"PCL10","GRN"
"SNL1","GRN"
"ASI1","GRN"
"OCA6","GRN"
"EMC4","GRN"
"BLI1","GRN"
"KTI12","GRN"
"IES6","GRN"
"TRM82","GRN"
"RPL34A","GRN"
"PMP2","GRN"
"ISD11","GRN"
"NOP10","GRN"
"ERG8","GRN"
"MLF3","GRN"
"ERG12","GRN"
"TOS6","GRN"
"SPC1","GRN"
"PMP1","GRN"
"NST1","GRN"
"YEH1","GRN"
"FRQ1","GRN"
"APJ1","GRN"
"IRC8","GRN"
"ECM32","GRN"
"FMP25","GRN"
"RPL6A","GRN"
"BYE1","GRN"
"PIH1","GRN"
"GAS4","GRN"
"NMA111","GRN"
"TCB2","GRN"
"FMP46","GRN"
"GMH1","GRN"
"RRN5","GRN"
"SCO1","GRN"
"DLT1","GRN"
"BUD2","GRN"
"SRL2","GRN"
"PAU18","GRN"
"TY1A-ML2","GRN"
"EFM3","GRN"
"MNE1","GRN"
"AAD10","GRN"
"COS9","GRN"
"MIX17","GRN"
"TY1B-JR2","GRN"
"LAM5","GRN"
"OM14","GRN"
"MRPL33","GRN"
"MNL2","GRN"
"ARH1","GRN"
"VRG4","GRN"
"SHE1","GRN"
"SYH1","GRN"
"BUD25","GRN"
"CBT1","GRN"
"RCE1","GRN"
"ELO2","GRN"
"IRC2","GRN"
"BNS1","GRN"
"RPL20A","GRN"
"GUP2","GRN"
"MAK32","GRN"
"SOL2","GRN"
"SPC29","GRN"
"FUI1","GRN"
"TY1B-OL","GRN"
"TY1A-PL","GRN"
"MTG2","GRN"
"GAS3","GRN"
"RPP1B","GRN"
"FIS1","GRN"
"XYL2","GRN"
"RSA1","GRN"
"AIM34","GRN"
"PER33","GRN"
"NGR1","GRN"
"UPS2","GRN"
"HMRA2","GRN"
"MMM1","GRN"
"NUP170","GRN"
"IRC23","GRN"
"TY1B-OR","GRN"
"RPL42A","GRN"
"ATG38","GRN"
"ZRG8","GRN"
"PGA2","GRN"
"MND2","GRN"
"JJJ2","GRN"
"UBX5","GRN"
"MRX12","GRN"
"SBH2","GRN"
"INA22","GRN"
"TY1A-ML1","GRN"
"GAS2","GRN"
"SGE1","GRN"
"MCH2","GRN"
"RPL17B","GRN"
"TRM2","GRN"
"CLD1","GRN"
"TY1B-DR3","GRN"
"COX16","GRN"
"CGR1","GRN"
"LST7","GRN"
"QCR9","GRN"
"NDL1","GRN"
"SLM3","GRN"
"AIM39","GRN"
"PIC2","GRN"
"NNK1","GRN"
"MSR1","GRN"
"COT1","GRN"
"AIM45","GRN"
"VBA3","GRN"
"ANR2","GRN"
"CNL1","GRN"
"YCS4","GRN"
"TPN1","GRN"
"CCH1","GRN"
"MDM35","GRN"
"TY4B-H","GRN"
"RRN11","GRN"
"ECM12","GRN"
"AIM6","GRN"
"VTS1","GRN"
"PML39","GRN"
"TY1A-H","GRN"
"CYC3","GRN"
"GDS1","GRN"
"CUE2","GRN"
"ALO1","GRN"
"TY1A-PR1","GRN"
"OGG1","GRN"
"YRF1-5","GRN"
"HMT1","GRN"
"MDE1","GRN"
"TPM2","GRN"
"SRC1","GRN"
"AVL9","GRN"
"PIN2","GRN"
"IRC18","GRN"
"YRF1-6","GRN"
"YOS9","GRN"
"SWS2","GRN"
"HEM14","GRN"
"HNT3","GRN"
"NDC1","GRN"
"SOL1","GRN"
"RPL35B","GRN"
"RPL26A","GRN"
"RPL41A","GRN"
"IRC19","GRN"
"UBP1","GRN"
"PTR3","GRN"
"TY1B-H","GRN"
"RCY1","GRN"
"MNN11","GRN"
"AKR2","GRN"
"CHL1","GRN"
"ADI1","GRN"
"LOA1","GRN"
"PDE2","GRN"
"TY2B-GR2","GRN"
"SRP14","GRN"
"CSI2","GRN"
"EGH1","GRN"
"MRX7","GRN"
"CSM1","GRN"
"RPL1A","GRN"
"RPL14B","GRN"
"TFB2","GRN"
"PKR1","GRN"
"MOD5","GRN"
"TOK1","GRN"
"EFT1;EFT2","GRN"
"MNN1","GRN"
"PAU15","GRN"
"FCY22","GRN"
"IMO32","GRN"
"VHR2","GRN"
"SAS3","GRN"
"CCW12","GRN"
"TSR4","GRN"
"SNX3","GRN"
"FLX1","GRN"
"VFA1","GRN"
"CDC34","GRN"
"BDS1","GRN"
"CAB1","GRN"
"MIC12","GRN"
"FCP1","GRN"
"ENV9","GRN"
"TMA16","GRN"
"PFD1","GRN"
"RPL29","GRN"
"SMC2","GRN"
"SRN2","GRN"
"LAG2","GRN"
"RRT15","GRN"
"TIM23","GRN"
"ILM1","GRN"
"MXR2","GRN"
"RUP1","GRN"
"GDA1","GRN"
"YAP1802","GRN"
"API2","GRN"
"TIM11","GRN"
"PAM17","GRN"
"NTG2","GRN"
"VPS24","GRN"
"SPG5","GRN"
"MCA1","GRN"
"TOR2","GRN"
"TY1B-GR1","GRN"
"STE13","GRN"
"PRY3","GRN"
"ATP12","GRN"
"HCS1","GRN"
"VTC2","GRN"
"PRM7","GRN"
"VID22","GRN"
"JIP3","GRN"
"PEX22","GRN"
"VPS75","GRN"
"RPL35A","GRN"
"HOS1","GRN"
"SHO1","GRN"
"GIP3","GRN"
"PNP1","GRN"
"TY2A-DR1","GRN"
"CSR1","GRN"
"MDM32","GRN"
"SHR3","GRN"
"MTF2","GRN"
"TY2B-DR3","GRN"
"GAB1","GRN"
"ZIM17","GRN"
"YSW1","GRN"
"COG7","GRN"
"RSC1","GRN"
"PUS9","GRN"
"ART5","GRN"
"RAD5","GRN"
"WSC2","GRN"
"EDC2","GRN"
"COX11","GRN"
"VPS17","GRN"
"AIF1","GRN"
"CUS2","GRN"
"RPS25A","GRN"
"DIE2","GRN"
"THG1","GRN"
"TEN1","GRN"
"BRE4","GRN"
"SHG1","GRN"
"NKP2","GRN"
"BSD2","GRN"
"YEL1","GRN"
"YIM1","GRN"
"TPO5","GRN"
"TY1A-OL","GRN"
"IDP3","GRN"
"HMRA1","GRN"
"TY1B-LR3","GRN"
"PAU5","GRN"
"RER2","GRN"
"BBP1","GRN"
"RNP1","GRN"
"RPS10A","GRN"
"AVO2","GRN"
"LEE1","GRN"
"CUB1","GRN"
"CHS2","GRN"
"NRT1","GRN"
"ALG5","GRN"
"DSF1","GRN"
"TSC13","GRN"
"GIS2","GRN"
"RPS12","GRN"
"URK1","GRN"
"RPL43A","GRN"
"VMA11","GRN"
"SLD3","GRN"
"RRT7","GRN"
"TY2B-OR1","GRN"
"SFI1","GRN"
"QRI5","GRN"
"COA4","GRN"
"ESC2","GRN"
"POS5","GRN"
"RRT14","GRN"
"PAU10","GRN"
"RIM13","GRN"
"YVH1","GRN"
"ULP2","GRN"
"BUD23","GRN"
"YRF1-2","GRN"
"PEP7","GRN"
"PKP1","GRN"
"PLP1","GRN"
"VMA3","GRN"
"VPS28","GRN"
"TY1A-OR","GRN"
"IRC16","GRN"
"PAU1","GRN"
"VHC1","GRN"
"TY1A-PR3","GRN"
"TRE1","GRN"
"NGL1","GRN"
"NAT5","GRN"
"MRPL22","GRN"
"RTC4","GRN"
"RRT8","GRN"
"TED1","GRN"
"FUN14","GRN"
"SFM1","GRN"
"HBS1","GRN"
"SNA2","GRN"
"SUR7","GRN"
"RFS1","GRN"
"RPE1","GRN"
"IRC3","GRN"
"YMC2","GRN"
"HAM1","GRN"
"IES4","GRN"
"PET191","GRN"
"HNT2","GRN"
"PAU12","GRN"
"BUD17","GRN"
"SPO73","GRN"
"TY1B-MR1","GRN"
"APT2","GRN"
"DCV1","GRN"
"BUD22","GRN"
"LAM1","GRN"
"PAU7","GRN"
"PAU21","GRN"
"TRE2","GRN"
"FSH2","GRN"
"ALE1","GRN"
"IRC21","GRN"
"AIM26","GRN"
"VPS68","GRN"
"HSP32","GRN"
"KHA1","GRN"
"TOM7","GRN"
"CIN2","GRN"
"BIO4","GRN"
"OCA4","GRN"
"TVP18","GRN"
"RAD61","GRN"
"ROT1","GRN"
"MRPS12","GRN"
"PFY1","GRN"
"TOM6","GRN"
"FEX1","GRN"
"NMD4","GRN"
"THI72","GRN"
"PRS4","GRN"
"TRF5","GRN"
"DYN3","GRN"
"PRM9","GRN"
"SAD1","GRN"
"BOL2","GRN"
"TMN3","GRN"
"DPH6","GRN"
"MIX23","GRN"
"IRC10","GRN"
"MEF1","GRN"
"UTR1","GRN"
"ATG10","GRN"
"RRT13","GRN"
"RPS21A","GRN"
"CYT2","GRN"
"RPS0A","GRN"
"MIC27","GRN"
"PAU11","GRN"
"CLG1","GRN"
"MTO1","GRN"
"RTC5","GRN"
"MTC1","GRN"
"MKK1","GRN"
"RPS29A","GRN"
"PRC1","GRN"
"TY1A-LR4","GRN"
"SNA4","GRN"
"SPC3","GRN"
"PFF1","GRN"
"FRK1","GRN"
"ATP25","GRN"
"TY5B","GRN"
"ECM23","GRN"
"PEX8","GRN"
"AIM32","GRN"
"HXT13","GRN"
"CUE4","GRN"
"MFM1","GRN"
"BLS1","GRN"
"RPP2A","GRN"
"RPS30A","GRN"
"GPI19","GRN"
"XDJ1","GRN"
"PEP8","GRN"
"ETT1","GRN"
"ASK10","GRN"
"RRD1","GRN"
"SDO1","GRN"
"TY1B-DR5","GRN"
"RPL37B","GRN"
"MGM1","GRN"
"RGS2","GRN"
"TY3A-G","GRN"
"SRF1","GRN"
"SPG4","GRN"
"BUL2","GRN"
"TIM13","GRN"
"IRC25","GRN"
"POC4","GRN"
"ACP1","GRN"
"TCA17","GRN"
"MPC1","GRN"
"ENV11","GRN"
"TY2A-C","GRN"
"MSF1","GRN"
"COX17","GRN"
"SSP120","GRN"
"CST9","GRN"
"SLD7","GRN"
"GYP1","GRN"
"ISC1","GRN"
"VPS60","GRN"
"PHM6","GRN"
"PDR17","GRN"
"RCF2","GRN"
"TY2B-LR1","GRN"
"TIM12","GRN"
"DRN1","GRN"
"FCF2","GRN"
"GPI14","GRN"
"DCR2","GRN"
"TAR1","GRN"
"SSH1","GRN"
"MSO1","GRN"
"GCG1","GRN"
"NUR1","GRN"
"SAC7","GRN"
"TGS1","GRN"
"MMT2","GRN"
"HOT13","GRN"
"COY1","GRN"
"YHC3","GRN"
"LDS2","GRN"
"UTR5","GRN"
"YAH1","GRN"
"IRC6","GRN"
"PAU19","GRN"
"ALG9","GRN"
"RPS19B","GRN"
"TY1A-DR6","GRN"
"RTC1","GRN"
"SEC22","GRN"
"SDH8","GRN"
"VPS71","GRN"
"DGK1","GRN"
"SDS23","GRN"
"YRF1-4","GRN"
"RRS1","GRN"
"MSL5","GRN"
"YVC1","GRN"
"OCT1","GRN"
"APA2","GRN"
"MIL1","GRN"
"CPD1","GRN"
"CUL3","GRN"
"SDH5","GRN"
"SYS1","GRN"
"ELF1","GRN"
"AQY1","GRN"
"HHY1","GRN"
"BUD5","GRN"
"SSM4","GRN"
"WHI4","GRN"
"POL3","GRN"
"YIP1","GRN"
"COQ3","GRN"
"SAM50","GRN"
"IRC22","GRN"
"THI80","GRN"
"MAM3","GRN"
"DGR2","GRN"
"AHC2","GRN"
"TIM17","GRN"
"EHT1","GRN"
"MST1","GRN"
"ALG7","GRN"
"YUR1","GRN"
"PCP1","GRN"
"POM33","GRN"
"PEX32","GRN"
"ERG4","GRN"
"RFT1","GRN"
"MMR1","GRN"
"AIM7","GRN"
"RSM28","GRN"
"NIT3","GRN"
"DNF1","GRN"
"MET7","GRN"
"FMP27","GRN"
"TY1A-MR1","GRN"
"ASK1","GRN"
"COG6","GRN"
"MON2","GRN"
"DNF3","GRN"
"SLS1","GRN"
"CSF1","GRN"
"MEI5","GRN"
"TCD2","GRN"
"NNF2","GRN"
"VPS38","GRN"
"AVT1","GRN"
"HOC1","GRN"
"IRC24","GRN"
"YEA4","GRN"
"PUF4","GRN"
"BUB1","GRN"
"ORM1","GRN"
"MAD1","GRN"
"KXD1","GRN"
"TOM5","GRN"
"CCW22","GRN"
"TY1A-GR2","GRN"
"IMA1","GRN"
"RPS6A","GRN"
"GOT1","GRN"
"HER2","GRN"
"SRL4","GRN"
"UPS3","GRN"
"CWH36","GRN"
"ATG39","GRN"
"COG1","GRN"
"TGL2","GRN"
"PGA1","GRN"
"SEC11","GRN"
"BPH1","GRN"
"DML1","GRN"
"TY1A-DR2","GRN"
"DOS2","GRN"
"ENT4","GRN"
"PUF2","GRN"
"IRC5","GRN"
"RRT1","GRN"
"SLM2","GRN"
"TY2B-DR2","GRN"
"RPS7A","GRN"
"HIP1","GRN"
"RPS27A","GRN"
"HIS6","GRN"
"NUF2","GRN"
"INA17","GRN"
"RGD2","GRN"
"TY1B-DR6","GRN"
"MRM2","GRN"
"NMT1","GRN"
"YPS5","GRN"
"FMP42","GRN"
"SLX4","GRN"
"PAU3","GRN"
"GNT1","GRN"
"MDM38","GRN"
"SBE22","GRN"
"IDS2","GRN"
"DJP1","GRN"
"BMT2","GRN"
"TDA7","GRN"
"TY1A-MR2","GRN"
"MPH2","GRN"
"COX7","GRN"
"BUD16","GRN"
"ATP19","GRN"
"TAH1","GRN"
"MTC7","GRN"
"MTR2","GRN"
"HMLALPHA2","GRN"
"RIB2","GRN"
"RMD1","GRN"
"GPB1","GRN"
"ATG40","GRN"
"EAF6","GRN"
"DBR1","GRN"
"IFM1","GRN"
"HXT17","GRN"
"GPB2","GRN"
"NPR3","GRN"
"ATG36","GRN"
"TY2B-DR1","GRN"
"CDC8","GRN"
"PRD1","GRN"
"BER1","GRN"
"KAR1","GRN"
"THP3","GRN"
"ATP15","GRN"
"CLA4","GRN"
"MTC4","GRN"
"SSO2","GRN"
"APN1","GRN"
"SCO2","GRN"
"FAU1","GRN"
"KTI11","GRN"
"RPS7B","GRN"
"BNA7","GRN"
"SPO71","GRN"
"GPI11","GRN"
"BUD28","GRN"
"NOP19","GRN"
"PSP1","GRN"
"DAS2","GRN"
"BOL3","GRN"
"EMC5","GRN"
"PXL1","GRN"
"AIM20","GRN"
"PES4","GRN"
"CCS1","GRN"
"BMT6","GRN"
"SRL1","GRN"
"PEA2","GRN"
"RBD2","GRN"
"BSC6","GRN"
"THI12","GRN"
"SFT1","GRN"
"RKR1","GRN"
"CRR1","GRN"
"TY1B-PR3","GRN"
"ATX2","GRN"
"ECM3","GRN"
"DID2","GRN"
"KAR9","GRN"
"CHS6","GRN"
"SOV1","GRN"
"GPN2","GRN"
"LCB4","GRN"
"CDA2","GRN"
"TY3B-G","GRN"
"RIF1","GRN"
"SNX4","GRN"
"PMU1","GRN"
"SYT1","GRN"
"VPS62","GRN"
"BTS1","GRN"
"KTR6","GRN"
"TY2B-C","GRN"
"PAM18","GRN"
"VAM7","GRN"
"CTP1","GRN"
"RPS24A","GRN"
"PRY1","GRN"
"GPR1","GRN"
"VPS61","GRN"
"HSK3","GRN"
"ERR1","GRN"
"DOT5","GRN"
"OSW1","GRN"
"ALK2","GRN"
"SOR2","GRN"
"MST27","GRN"
"SEY1","GRN"
"SEN34","GRN"
"PEX34","GRN"
"CYC2","GRN"
"ASE1","GRN"
"BMT5","GRN"
"IPK1","GRN"
"SPC2","GRN"
"GYL1","GRN"
"CTO1","GRN"
"MET8","GRN"
"MDL1","GRN"
"TY1B-DR4","GRN"
"RCM1","GRN"
"TY2A-DR2","GRN"
"NBP1","GRN"
"SMY2","GRN"
"SWC3","GRN"
"TMS1","GRN"
"SOP4","GRN"
"FOB1","GRN"
"TMA23","GRN"
"NHP6A","GRN"
"CWC24","GRN"
"SNX41","GRN"
"TRM44","GRN"
"DBP1","GRN"
"HMLALPHA1","GRN"
"COG5","GRN"
"MNT2","GRN"
"PUS5","GRN"
"COA1","GRN"
"DUS3","GRN"
"HOP2","GRN"
"YRF1-7","GRN"
"VPS36","GRN"
"IRS4","GRN"
"COS12","GRN"
"SKG1","GRN"
"TY1A-DR3","GRN"
"PPT2","GRN"
"PIN3","GRN"
"TSR3","GRN"
"STP22","GRN"
"SPS22","GRN"
"ECM13","GRN"
"SGF11","GRN"
"GFD1","GRN"
"RDI1","GRN"
"NSI1","GRN"
"ISR1","GRN"
"RPL24A","GRN"
"STE50","GRN"
"IPL1","GRN"
"THI13","GRN"
"MDM12","GRN"
"CDC26","GRN"
"SSO1","GRN"
"CDC31","GRN"
"DUS4","GRN"
"PET494","GRN"
"MRPL32","GRN"
"ALG8","GRN"
"PUS2","GRN"
"MSW1","GRN"
"YSY6","GRN"
"MON1","GRN"
"AIM33","GRN"
"YGK1","GRN"
"UPS1","GRN"
"BET1","GRN"
"TEL2","GRN"
"CTH1","GRN"
"NPC2","GRN"
"TY1B-PR1","GRN"
"CSH1","GRN"
"GPI17","GRN"
"VAC17","GRN"
"TIM22","GRN"
"MRPL40","GRN"
"CTM1","GRN"
"EMC3","GRN"
"LCL3","GRN"
"CFD1","GRN"
"POL31","GRN"
"MGR2","GRN"
"BOP3","GRN"
"SMM1","GRN"
"YIF1","GRN"
"PRR1","GRN"
"AIM9","GRN"
"PAU14","GRN"
"FDO1","GRN"
"SLY41","GRN"
"SYN8","GRN"
"VPS63","GRN"
"ADY4","GRN"
"CCZ1","GRN"
"RPS26A","GRN"
"RIB7","GRN"
"CDD1","GRN"
"RRN6","GRN"
"EMC6","GRN"
"ALK1","GRN"
"STB6","GRN"
"VBA2","GRN"
"TY1A-ER1","GRN"
"SED5","GRN"
"COA6","GRN"
"TIM44","GRN"
"SLX8","GRN"
"MRX10","GRN"
"AIM19","GRN"
"HSP33","GRN"
"JID1","GRN"
"SUE1","GRN"
"SHE10","GRN"
"ATP23","GRN"
"TY1B-ML2","GRN"
"TY1A-NL2","GRN"
"MRX3","GRN"
"RPL43B","GRN"
"UBX7","GRN"
"IMA3","GRN"
"COX10","GRN"
"INP1","GRN"
"PET130","GRN"
"PCL8","GRN"
"IMP2","GRN"
"MNN5","GRN"
"ACL4","GRN"
"MNR2","GRN"
"RKM3","GRN"
"TOF1","GRN"
"AKR1","GRN"
"EAR1","GRN"
"YNG1","GRN"
"CTL1","GRN"
"PAU13","GRN"
"SWC7","GRN"
"COQ4","GRN"
"ATG22","GRN"
"ECM38","GRN"
"CMC1","GRN"
"STN1","GRN"
"CRT10","GRN"
"LAM6","GRN"
"PMT6","GRN"
"MRPL31","GRN"
"TY4A-J","GRN"
"YFH1","GRN"
"MEU1","GRN"
"EMC10","GRN"
"TRM13","GRN"
"MSC6","GRN"
"VHS2","GRN"
"POG1","GRN"
"KIP2","GRN"
"PAU17","GRN"
"IBA57","GRN"
"DCC1","GRN"
"IMP2'","GRN"
"AIM36","GRN"
"MCT1","GRN"
"RCR2","GRN"
"TY2B-B","GRN"
"DNF2","GRN"
"REX3","GRN"
"NTC20","GRN"
"YFT2","GRN"
"YPT11","GRN"
"BOR1","GRN"
"SEC12","GRN"
"TRX3","GRN"
"SRO77","GRN"
"MDM31","GRN"
"FIG4","GRN"
"WWM1","GRN"
"MF(ALPHA)2","GRN"
"GPM3","GRN"
"REV3","GRN"
"YMC1","GRN"
"RRG7","GRN"
"PZF1","GRN"
"SLI15","GRN"
"IES2","GRN"
"TY2A-B","GRN"
"GEA1","GRN"
"PPG1","GRN"
"HXT16","GRN"
"ECM7","GRN"
"TVP38","GRN"
"SPC105","GRN"
"BRR6","GRN"
"HTL1","GRN"
"PRP16","GRN"
"PTH2","GRN"
"PAU22","GRN"
"VTC1","GRN"
"FIR1","GRN"
"TY2A-LR1","GRN"
"COG2","GRN"
"IES3","GRN"
"ALY2","GRN"
"OST5","GRN"
"MRPL37","GRN"
"OST4","GRN"
"DEG1","GRN"
"RRP36","GRN"
"MST28","GRN"
"MSB3","GRN"
"SLF1","GRN"
"HPC2","GRN"
"ABM1","GRN"
"PPM1","GRN"
"HXT8","GRN"
"TY1A-LR2","GRN"
"ODC1","GRN"
"HUB1","GRN"
"SHC1","GRN"
"UBS1","GRN"
"MRX8","GRN"
"GLD1","GRN"
"SEG2","GRN"
"MIC26","GRN"
"TMA46","GRN"
"LRS4","GRN"
"MSM1","GRN"
"RRT2","GRN"
"JLP2","GRN"
"MTG1","GRN"
"RSM18","GRN"
"MATALPHA2","GRN"
"IRC7","GRN"
"HEH2","GRN"
"LDB18","GRN"
"VPS65","GRN"
"REX4","GRN"
"PAI3","GRN"
"SCY1","GRN"
"RMA1","GRN"
"MRN1","GRN"
"GCD14","GRN"
"TEA1","GRN"
"DAD4","GRN"
"TMA7","GRN"
"TY1A-GR1","GRN"
"ERI1","GRN"
"MIC60","GRN"
"NNF1","GRN"
"MTL1","GRN"
"HIM1","GRN"
"UPF3","GRN"
"ALG13","GRN"
"TIF11","GRN"
"TIM18","GRN"
"ASI2","GRN"
"EIS1","GRN"
"SPT14","GRN"
"SER2","GRN"
"ALG14","GRN"
"GMC1","GRN"
"YND1","GRN"
"USE1","GRN"
"ERV1","GRN"
"IMP1","GRN"
"DSC3","GRN"
"PPM2","GRN"
"PEX4","GRN"
"AVT5","GRN"
"JSN1","GRN"
"PEX28","GRN"
"TY2B-F","GRN"
"UTR2","GRN"
"GEP5","GRN"
"PET20","GRN"
"HXT15","GRN"
"ALG3","GRN"
"RKM5","GRN"
"TOG1","GRN"
"LSB5","GRN"
"DLD2","GRN"
"ASP1","GRN"
"ERF2","GRN"
"PET309","GRN"
"ATG34","GRN"
"SRP102","GRN"
"GEP7","GRN"
"EXO1","GRN"
"TY1A-BL","GRN"
"UNG1","GRN"
"ECM18","GRN"
"PAM16","GRN"
"ERR2","GRN"
"MRF1","GRN"
"AI5_BETA","GRN"
"RNH201","GRN"
"PAN6","GRN"
"APC5","GRN"
"TY2A-OR1","GRN"
"BUD6","GRN"
"RBL2","GRN"
"ATP8","GRN"
"COX18","GRN"
"PEX21","GRN"
"LAS21","GRN"
"MDJ2","GRN"
"ROT2","GRN"
"DAT1","GRN"
"DIN7","GRN"
"PEX13","GRN"
"UBX2","GRN"
"MID1","GRN"
"TOF2","GRN"
"SPO75","GRN"
"CDC1","GRN"
"HUL4","GRN"
"CDC50","GRN"
"MPS2","GRN"
"BUD30","GRN"
"YOS1","GRN"
"ROY1","GRN"
"ESC1","GRN"
"SNC1","GRN"
"JAC1","GRN"
"KRE9","GRN"
"LDB7","GRN"
"CSS3","GRN"
"GRS2","GRN"
"LPX1","GRN"
"MIX14","GRN"
"NCS6","GRN"
"MZM1","GRN"
"ANS1","GRN"
"GPC1","GRN"
"FMC1","GRN"
"NFI1","GRN"
"AI5_ALPHA","GRN"
"AST1","GRN"
"ADH7","GRN"
"RIT1","GRN"
"IOC4","GRN"
"SEO1","GRN"
"FDH2","GRN"
"YRF1-1","GRN"
"FMP30","GRN"
"EDC1","GRN"
"UBP13","GRN"
"DSF2","GRN"
"CAB2","GRN"
"RAV2","GRN"
"YIA6","GRN"
"MTC2","GRN"
"BRP1","GRN"
"RNH70","GRN"
"FMT1","GRN"
"MGR3","GRN"
"TY1B-DR1","GRN"
"TAD1","GRN"
"KRE1","GRN"
"REH1","GRN"
"MAM1","GRN"
"KTR7","GRN"
"PAU4","GRN"
"COQ11","GRN"
"TMN2","GRN"
"CPR8","GRN"
"GTB1","GRN"
"MRX4","GRN"
"MDV1","GRN"
"APQ12","GRN"
"AIM4","GRN"
"CEP3","GRN"
"LRG1","GRN"
"NPY1","GRN"
"EUC1","GRN"
"GLO2","GRN"
"DXO1","GRN"
"OAZ1","GRN"
"LSO2","GRN"
"NNT1","GRN"
"RPL21A","GRN"
"OTU2","GRN"
"BUG1","GRN"
"EMI1","GRN"
"POR2","GRN"
"MRPL49","GRN"
"PHA2","GRN"
"UBP3","GRN"
"BPL1","GRN"
"SMI1","GRN"
"YIG1","GRN"
"GPI8","GRN"
"PDE1","GRN"
"PFA3","GRN"
"CWC27","GRN"
"HRQ1","GRN"
"CMR3","GRN"
"CUE3","GRN"
"MDM36","GRN"
"RDL2","GRN"
"PRM6","GRN"
"SFT2","GRN"
"MCP1","GRN"
"TDA5","GRN"
"GIM4","GRN"
"TAZ1","GRN"
"ICE2","GRN"
"TRK1","GRN"
"PET8","GRN"
"KTR4","GRN"
"TUL1","GRN"
"SAC3","GRN"
"CBS1","GRN"
"RKM4","GRN"
"TIF1;TIF2","GRN"
"LDB19","GRN"
"MDM1","GRN"
"SHU2","GRN"
"HFA1","GRN"
"FSF1","GRN"
"ARG2","GRN"
"PET100","GRN"
"TY1B-ML1","GRN"
"PCD1","GRN"
"STD1","GRN"
"TFA2","GRN"
"DGR1","GRN"
"PER1","GRN"
"SEC20","GRN"
"TY1B-BL","GRN"
"AVT6","GRN"
"DPH5","GRN"
"MSH5","GRN"
"PCS60","GRN"
"ATG27","GRN"
"HPA2","GRN"
"PRM15","GRN"
"STB1","GRN"
"ENT3","GRN"
"VPS70","GRN"
"ADY3","GRN"
"ALG1","GRN"
"PAU6","GRN"
"BIM1","GRN"
"RGA1","GRN"
"ARP6","GRN"
"SHB17","GRN"
"TUM1","GRN"
"ATG13","GRN"
"PEX14","GRN"
"SWD2","GRN"
"MCM16","GRN"
"GPI18","GRN"
"MSC2","GRN"
"RDS3","GRN"
"GRX2","GRN"
"FOL1","GRN"
"COA3","GRN"
"KSH1","GRN"
"PAU8","GRN"
"EMP70","GRN"
"GUD1","GRN"
"AIM3","GRN"
"PHO80","GRN"
"FUR4","GRN"
"MMT1","GRN"
"TOM20","GRN"
"MCH1","GRN"
"MIP1","GRN"
"MRS1","GRN"
"COX26","GRN"
"SLI1","GRN"
"MDM34","GRN"
"PIG1","GRN"
"SIZ1","GRN"
"ENV10","GRN"
"MAD2","GRN"
"CBP1","GRN"
"TY3B-I","GRN"
"VPS20","GRN"
"PHS1","GRN"
"FUN26","GRN"
"PIG2","GRN"
"NTO1","GRN"
"GEF1","GRN"
"PAU20","GRN"
"PET18","GRN"
"HFD1","GRN"
"PKH3","GRN"
"MRX6","GRN"
"TCO89","GRN"
"PUS6","GRN"
"CBS2","GRN"
"RAD33","GRN"
"AIM29","GRN"
"NIP100","GRN"
"NIT2","GRN"
"UBP16","GRN"
"TY1A-DR5","GRN"
"AIM11","GRN"
"RTP1","GRN"
"ABZ1","GRN"
"OTU1","GRN"
"SIA1","GRN"
"TFB5","GRN"
"BCS1","GRN"
"ECM31","GRN"
"SFH5","GRN"
"GIS3","GRN"
"YCP4","GRN"
"MEX67","GRN"
"OMA1","GRN"
"NVJ2","GRN"
"YSA1","GRN"
"SHH4","GRN"
"PAU9","GRN"
"DCW1","GRN"
"HOS3","GRN"
"VID27","GRN"
"COQ10","GRN"
"DLS1","GRN"
"ARF3","GRN"
"TVP15","GRN"
"ROG3","GRN"
"APC11","GRN"
"ALR1","GRN"
"PEX17","GRN"
"IQG1","GRN"
"CSM3","GRN"
"RUD3","GRN"
"STS1","GRN"
"FMP41","GRN"
"LEU9","GRN"
"CPR7","GRN"
"VNX1","GRN"
"KIN4","GRN"
"PHO87","GRN"
"INP54","GRN"
"STV1","GRN"
"TY1A-DR4","GRN"
"SPP41","GRN"
"HEM25","GRN"
"VBA5","GRN"
"MBA1","GRN"
"INP51","GRN"
"SDH7","GRN"
"ERV14","GRN"
"NHX1","GRN"
"MPP6","GRN"
"EFM4","GRN"
"THP1","GRN"
"TOM22","GRN"
"EFM5","GRN"
"IRC11","GRN"
"COQ2","GRN"
"NNR2","GRN"
"UIP4","GRN"
"AYT1","GRN"
"FLC3","GRN"
"UMP1","GRN"
"SMY1","GRN"
"EAF7","GRN"
"SEI1","GRN"
"NEO1","GRN"
"EMC2","GRN"
"GCS1","GRN"
"MPH3","GRN"
"APQ13","GRN"
"PEX9","GRN"
"HMX1","GRN"
"UAF30","GRN"
"TY2B-OR2","GRN"
"TAE1","GRN"
"CUE1","GRN"
"ERG29","GRN"
"CAB4","GRN"
"YLH47","GRN"
"ERP6","GRN"
"TY1A-BR","GRN"
"EXO5","GRN"
"SPP2","GRN"
"MRX1","GRN"
"ERP4","GRN"
"TY5A","GRN"
"VTH1","GRN"
"LOT6","GRN"
"VCX1","GRN"
"PET111","GRN"
"AIM10","GRN"
"SET6","GRN"
"SAM37","GRN"
"CAF16","GRN"
"PTM1","GRN"
"SWF1","GRN"
"SHE9","GRN"
"RAD57","GRN"
"ERS1","GRN"
"PHO13","GRN"
"BOL1","GRN"
"UBP2","GRN"
"MTC3","GRN"
"CSN12","GRN"
"SRT1","GRN"
"ABZ2","GRN"
"TTI1","GRN"
"KAP120","GRN"
"YPS7","GRN"
"DCN1","GRN"
"CTS2","GRN"
"BTT1","GRN"
"RMD9","GRN"
"CEM1","GRN"
"RIM20","GRN"
"AIM24","GRN"
"MIM2","GRN"
"FAD1","GRN"
"TY1B-BR","GRN"
"PHO91","GRN"
"YSF3","GRN"
"CAK1","GRN"
"TAX4","GRN"
"MKC7","GRN"
"MRX11","GRN"
"FMP33","GRN"
"ALG11","GRN"
"NUP100","GRN"
"NUP157","GRN"
"EFM6","GRN"
"SAS4","GRN"
"ATP10","GRN"
"MHF1","GRN"
"JJJ3","GRN"
"FAA3","GRN"
"ITT1","GRN"
"DSD1","GRN"
"SAM35","GRN"
"TDA8","GRN"
"FBP26","GRN"
"NUP188","GRN"
"EMC1","GRN"
"NSG2","GRN"
"YMD8","GRN"
"PET117","GRN"
"ECO1","GRN"
"TY1B-LR1","GRN"
"MAN2","GRN"
"BNA6","GRN"
"MCY1","GRN"
"UBC5","GRN"
"HPA3","GRN"
"BNI4","GRN"
"JHD1","GRN"
"SHR5","GRN"
"VPS69","GRN"
"PRP5","GRN"
"HVG1","GRN"
"YTA12","GRN"
"SUS1","GRN"
"RIA1","GRN"
"SSP2","GRN"
"ECM19","GRN"
"OPI11","GRN"
"TY1A-JR2","GRN"
"TRM10","GRN"
"POM34","GRN"
"CAX4","GRN"
"CDC43","GRN"
"EBS1","GRN"
"ANY1","GRN"
"TAN1","GRN"
"POM152","GRN"
"AAD14","GRN"
"PFA5","GRN"
"LRE1","GRN"
"HPM1","GRN"
"DBF4","GRN"
"AAD15","GRN"
"ADF1","GRN"
"POA1","GRN"
"RTT105","GRN"
"SED4","GRN"
"QRI7","GRN"
"DOM34","GRN"
"MSB4","GRN"
"APN2","GRN"
"EXP1","GRN"
"PMT7","GRN"
"EFG1","GRN"
"IRC9","GRN"
"RBS1","GRN"
"GPI1","GRN"
"RIM9","GRN"
"BIT61","GRN"
"PBN1","GRN"
"MTM1","GRN"
"NNR1","GRN"
"COX14","GRN"
"TAD3","GRN"
"MPT5","GRN"
"ESL1","GRN"
"SRP101","GRN"
"RQC2","GRN"
"AFI1","GRN"
"PCC1","GRN"
"PXP2","GRN"
"KEI1","GRN"
"MSS2","GRN"
"LIH1","GRN"
"RMD8","GRN"
"PFA4","GRN"
"ERD1","GRN"
"PET122","GRN"
"BI2","GRN"
"ART2","GRN"
"VTA1","GRN"
"UBP11","GRN"
"FEN2","GRN"
"ALY1","GRN"
"URN1","GRN"
"NAM2","GRN"
"PNG1","GRN"
"PEF1","GRN"
"SWT1","GRN"
"AHT1","GRN"
"UBX4","GRN"
"MHO1","GRN"
"GLE1","GRN"
"NPP2","GRN"
"SEC15","GRN"
"GEM1","GRN"
"TY1A-DR1","GRN"
"VAM10","GRN"
"MNN2","GRN"
"DAD3","GRN"
"HLJ1","GRN"
"SSH4","GRN"
"SLK19","GRN"
"SPR6","GRN"
"VPS72","GRN"
"RCH1","GRN"
"CSS1","GRN"
"TY1B-NL2","GRN"
"YCG1","GRN"
"NEL1","GRN"
"UCC1","GRN"
"IRC14","GRN"
"FMN1","GRN"
"RRN7","GRN"
"YUH1","GRN"
"AQY3","GRN"
"YPQ2","GRN"
"PBP1","GRN"
"ERP5","GRN"
"MSS18","GRN"
"MPO1","GRN"
"TY4B-P","GRN"
"TPP1","GRN"
"DCK1","GRN"
"KRE28","GRN"
"OPI6","GRN"
"ACF4","GRN"
"RRN10","GRN"
"TSC3","GRN"
"MRX5","GRN"
"FLP1","GRN"
"TY3A-I","GRN"
"YRB30","GRN"
"EAT1","GRN"
"VAR1","GRN"
"FMP49","GRN"
"YIM2","GRN"
"MME1","GRN"
"AFB1","GRN"
"NCW2","GRN"
"OPI9","GRN"
"DSC2","GRN"
"RAF1","GRN"
"KCH1","GRN"
"VLD1","GRN"
"SLM6","GRN"
"REP1","GRN"
"LMO1","GRN"
